2024_rank,2023_rank,institution_name,country_code,country,size,focus,res.,age,status,academic_reputation_score,academic_reputation_rank,employer_reputation_score,employer_reputation_rank,faculty_student_score,faculty_student_rank,citations_per_faculty_score,citations_per_faculty_rank,international_faculty_score,international_faculty_rank,international_students_score,international_students_rank,international_research_network_score,international_research_network_rank,employment_outcomes_score,employment_outcomes_rank,sustainability_score,sustainability_rank,overall_score,rank_change
1.0,1.0,Massachusetts Institute of Technology (MIT) ,US,United States,M,CO,VH,5,B,100.0,4.0,100.0,2.0,100.0,16.0,100.0,4.0,100.0,56.0,88.2,128.0,94.3,58.0,100.0,4.0,95.2,51.0,100.0,0.0
2.0,2.0,University of Cambridge,UK,United Kingdom,L,FC,VH,5,A,100.0,3.0,100.0,4.0,100.0,14.0,92.3,68.0,100.0,64.0,95.8,85.0,99.9,7.0,100.0,6.0,97.3,,99.2,0.0
3.0,4.0,University of Oxford,UK,United Kingdom,L,FC,VH,5,A,100.0,2.0,100.0,5.0,100.0,8.0,90.6,73.0,98.2,110.0,98.2,60.0,100.0,1.0,100.0,3.0,97.8,,98.9,1.0
4.0,5.0,Harvard University,US,United States,L,FC,VH,5,B,100.0,1.0,100.0,1.0,98.3,44.0,100.0,1.0,84.6,210.0,66.8,223.0,100.0,5.0,100.0,1.0,96.7,39.0,98.3,1.0
5.0,3.0,Stanford University,US,United States,L,FC,VH,5,B,100.0,5.0,100.0,3.0,100.0,11.0,99.9,8.0,99.9,78.0,51.2,284.0,95.8,44.0,100.0,2.0,94.4,63.0,98.1,-2.0
6.0,,Imperial College London,UK,United Kingdom,L,FC,VH,5,A,98.3,23.0,99.4,12.0,98.5,42.0,94.0,58.0,100.0,61.0,100.0,14.0,96.7,35.0,83.0,45.0,94.4,,97.8,
7.0,9.0,ETH Zurich - Swiss Federal Institute of Technology,CH,Switzerland,L,FO,VH,5,A,98.8,19.0,83.6,62.0,72.1,177.0,98.9,21.0,100.0,22.0,98.5,56.0,96.0,42.0,79.1,52.0,88.4,,93.3,2.0
8.0,11.0,National University of Singapore (NUS),SG,Singapore,XL,FC,VH,3,A,99.4,15.0,88.6,54.0,76.5,157.0,93.2,64.0,100.0,33.0,81.9,154.0,76.3,165.0,100.0,7.0,88.1,,92.7,3.0
9.0,8.0,UCL,UK,United Kingdom,XL,FC,VH,5,A,99.5,13.0,97.9,22.0,98.4,43.0,74.3,131.0,99.1,96.0,100.0,15.0,100.0,2.0,51.6,126.0,92.5,74.0,92.4,-1.0
10.0,27.0,"University of California, Berkeley (UCB)",US,United States,XL,FC,VH,5,A,100.0,6.0,100.0,6.0,20.5,656.0,99.9,7.0,92.2,172.0,63.9,235.0,92.4,66.0,98.7,15.0,100.0,1.0,90.4,17.0
11.0,10.0,University of Chicago,US,United States,L,FC,VH,5,B,99.1,17.0,95.4,38.0,92.5,72.0,78.5,122.0,81.2,225.0,84.4,145.0,61.4,236.0,98.3,17.0,81.7,,90.3,-1.0
12.0,13.0,University of Pennsylvania,US,United States,L,FC,VH,5,B,96.4,29.0,89.1,52.0,99.9,24.0,68.4,153.0,96.0,140.0,70.3,208.0,83.3,129.0,100.0,5.0,99.9,,89.4,1.0
13.0,20.0,Cornell University,US,United States,L,FC,VH,5,B,98.1,26.0,90.5,47.0,52.9,297.0,99.1,18.0,68.7,283.0,64.0,234.0,79.9,144.0,98.0,18.0,94.7,,89.3,7.0
14.0,33.0,The University of Melbourne,AU,Australia,XL,FC,VH,5,A,98.4,21.0,92.3,45.0,15.4,,92.1,69.0,92.9,166.0,99.7,36.0,97.2,30.0,93.3,31.0,90.4,,87.9,19.0
15.0,,California Institute of Technology (Caltech),US,United States,S,CO,VH,5,B,96.1,30.0,93.7,41.0,100.0,5.0,100.0,3.0,100.0,63.0,81.0,159.0,22.8,521.0,34.2,225.0,41.4,357.0,87.8,
16.0,18.0,Yale University,US,United States,M,FC,VH,5,B,99.9,9.0,99.9,7.0,100.0,3.0,45.8,293.0,89.8,184.0,78.8,169.0,85.8,112.0,99.9,9.0,99.2,13.0,87.7,2.0
,12.0,Peking University,CN,China (Mainland),XL,FC,VH,5,A,99.4,14.0,95.4,37.0,90.4,85.0,97.5,38.0,50.8,354.0,23.5,492.0,43.2,353.0,82.6,46.0,68.8,212.0,87.0,
,,Princeton University,US,United States,M,CO,VH,5,B,99.8,10.0,97.5,23.0,64.5,216.0,100.0,2.0,16.7,640.0,57.5,261.0,52.5,298.0,94.6,27.0,79.3,155.0,87.0,
,45.0,The University of New South Wales (UNSW Sydney),AU,Australia,XL,FC,VH,4,A,89.7,45.0,88.1,55.0,18.2,,95.9,47.0,100.0,55.0,99.1,50.0,99.0,15.0,95.5,25.0,99.6,10.0,86.7,
,41.0,The University of Sydney,AU,Australia,XL,FC,VH,5,A,96.0,31.0,87.7,57.0,11.8,,93.5,63.0,99.5,89.0,100.0,13.0,91.9,70.0,88.1,42.0,99.7,7.0,86.7,
21.0,,University of Toronto,CA,Canada,XL,FC,VH,5,A,99.7,11.0,96.0,33.0,54.2,283.0,57.2,226.0,95.7,145.0,96.4,80.0,95.5,46.0,96.4,22.0,99.9,2.0,86.3,
22.0,15.0,The University of Edinburgh,UK,United Kingdom,XL,FC,VH,5,A,98.1,25.0,96.9,26.0,72.4,176.0,58.7,216.0,98.8,100.0,99.9,33.0,99.6,12.0,48.1,141.0,99.7,6.0,86.1,-7.0
23.0,22.0,Columbia University,US,United States,XL,FC,VH,5,B,99.6,12.0,98.3,16.0,100.0,15.0,40.7,339.0,56.1,332.0,96.8,76.0,97.6,25.0,99.9,10.0,94.2,,85.9,-1.0
24.0,26.0,Université PSL,FR,France,L,CO,VH,1,A,73.7,82.0,97.0,25.0,99.3,33.0,95.7,49.0,69.2,280.0,72.7,196.0,100.0,3.0,60.8,97.0,80.4,,85.8,2.0
25.0,14.0,Tsinghua University,CN,China (Mainland),XL,FC,VH,4,A,99.1,16.0,96.9,27.0,93.9,67.0,98.9,22.0,9.4,,15.7,603.0,47.8,328.0,82.2,47.0,55.8,,84.9,-11.0
,19.0,"Nanyang Technological University, Singapore (NTU)",SG,Singapore,L,FC,VH,3,A,91.0,42.0,67.1,115.0,77.6,149.0,94.4,56.0,100.0,35.0,80.2,161.0,66.1,212.0,68.4,79.0,78.2,,84.5,
,21.0,The University of Hong Kong,HK,Hong Kong SAR,L,FC,VH,5,A,97.6,27.0,51.4,159.0,82.9,121.0,82.3,102.0,100.0,28.0,99.0,52.0,42.7,355.0,99.5,14.0,97.3,32.0,84.5,
28.0,24.0,Johns Hopkins University,US,United States,L,FC,VH,5,B,87.3,51.0,59.7,134.0,100.0,8.0,89.4,77.0,64.4,300.0,91.4,111.0,98.1,21.0,74.5,60.0,84.6,122.0,84.5,-4.0
28.0,23.0,The University of Tokyo,JP,Japan,L,FC,VH,5,A,100.0,7.0,99.8,9.0,90.4,84.0,70.0,148.0,10.3,,29.2,427.0,70.0,196.0,99.8,11.0,99.7,5.0,84.3,-5.0
29.0,44.0,"University of California, Los Angeles (UCLA)",US,United States,XL,FC,VH,5,A,100.0,8.0,99.8,8.0,36.6,435.0,84.8,96.0,43.4,386.0,24.8,477.0,89.8,86.0,97.0,20.0,91.2,86.0,83.8,15.0
30.0,31.0,McGill University,CA,Canada,XL,FC,VH,5,A,93.7,34.0,87.6,58.0,64.0,219.0,62.1,195.0,88.9,188.0,93.3,98.0,86.2,107.0,92.5,33.0,94.2,,83.7,1.0
32.0,28.0,The University of Manchester,UK,United Kingdom,XL,FC,VH,5,A,95.4,33.0,98.0,21.0,53.8,288.0,49.1,274.0,93.5,160.0,99.4,44.0,99.7,10.0,71.9,66.0,92.3,,82.2,-4.0
33.0,25.0,University of Michigan-Ann Arbor,US,United States,XL,FC,VH,5,A,98.3,22.0,89.9,48.0,82.2,127.0,56.2,231.0,67.0,292.0,27.6,445.0,95.4,48.0,94.3,29.0,83.7,,81.7,-8.0
,30.0,The Australian National University,AU,Australia,L,FC,VH,4,A,93.2,37.0,70.2,102.0,34.9,455.0,92.8,65.0,100.0,38.0,93.3,97.0,78.5,156.0,43.9,164.0,87.4,,81.5,
,47.0,University of British Columbia,CA,Canada,XL,FC,VH,5,A,98.2,24.0,93.5,43.0,44.4,354.0,57.0,227.0,96.4,134.0,74.1,189.0,96.3,37.0,60.1,99.0,99.9,,81.5,
36.0,,EPFL,CH,Switzerland,M,FO,VH,5,A,84.6,57.0,59.9,133.0,92.4,73.0,98.0,34.0,100.0,25.0,100.0,12.0,65.6,213.0,19.4,431.0,42.3,,80.4,
37.0,49.0,Technical University of Munich,DE,Germany,XL,FO,VH,5,A,83.9,59.0,98.2,19.0,88.8,89.0,59.6,210.0,76.5,243.0,97.3,71.0,86.7,103.0,25.0,330.0,84.8,,80.0,12.0
,48.0,Institut Polytechnique de Paris,FR,France,M,CO,VH,1,A,44.8,185.0,99.6,10.0,97.3,51.0,93.8,59.0,98.5,106.0,98.3,58.0,76.9,163.0,90.3,35.0,72.5,,79.5,
,39.0,New York University (NYU),US,United States,XL,FC,VH,5,B,95.9,32.0,98.5,15.0,95.5,60.0,26.7,465.0,26.4,518.0,95.0,87.0,85.4,114.0,99.7,13.0,98.3,20.0,79.5,
40.0,37.0,King's College London,UK,United Kingdom,XL,FC,VH,5,A,89.5,46.0,82.3,68.0,64.6,215.0,61.1,201.0,98.8,99.0,100.0,23.0,99.2,14.0,34.4,223.0,81.1,,79.3,-3.0
41.0,29.0,Seoul National University,KR,South Korea,L,FC,VH,4,A,99.0,18.0,98.2,17.0,85.1,105.0,64.9,175.0,11.5,,14.5,631.0,36.9,401.0,100.0,8.0,73.8,181.0,78.5,-12.0
42.0,57.0,Monash University,AU,Australia,XL,FC,VH,4,A,88.4,49.0,75.2,84.0,9.6,,88.4,81.0,100.0,50.0,100.0,19.0,86.8,102.0,61.0,95.0,71.8,,78.2,15.0
43.0,,The University of Queensland,AU,Australia,XL,FC,VH,5,A,87.1,52.0,73.7,89.0,21.6,635.0,87.0,84.0,100.0,41.0,100.0,22.0,95.0,53.0,44.4,163.0,73.1,,78.1,
,,Zhejiang University,CN,China (Mainland),XL,FC,VH,4,A,73.8,81.0,95.7,36.0,66.5,198.0,97.6,37.0,97.7,120.0,26.5,456.0,74.7,174.0,37.7,194.0,51.5,,77.8,
45.0,56.0,The London School of Economics and Political Science (LSE),UK,United Kingdom,M,SP,VH,5,A,67.7,98.0,96.1,32.0,39.6,401.0,80.2,110.0,100.0,35.0,100.0,10.0,32.4,440.0,98.6,16.0,97.8,28.0,76.9,11.0
46.0,36.0,Kyoto University,JP,Japan,L,FC,VH,5,A,98.7,20.0,99.1,14.0,94.7,63.0,49.3,270.0,14.9,670.0,20.8,538.0,57.3,266.0,53.2,118.0,88.4,,76.3,-10.0
,,Delft University of Technology,NL,Netherlands,L,CO,VH,5,A,73.0,84.0,79.0,73.0,36.9,428.0,84.9,95.0,100.0,66.0,89.3,121.0,91.4,72.0,42.1,170.0,98.4,,76.2,
,32.0,Northwestern University,US,United States,L,FC,VH,5,B,83.8,60.0,60.2,132.0,98.9,39.0,70.3,147.0,48.2,364.0,44.2,327.0,79.2,152.0,97.7,19.0,78.0,162.0,76.2,
,38.0,The Chinese University of Hong Kong (CUHK),HK,Hong Kong SAR,L,FC,VH,4,A,88.4,50.0,46.3,190.0,60.0,236.0,92.3,67.0,100.0,57.0,77.1,174.0,32.7,438.0,78.6,53.0,61.3,,76.2,
50.0,,Fudan University,CN,China (Mainland),XL,FC,VH,4,A,84.7,55.0,89.8,49.0,84.5,108.0,72.4,136.0,88.3,193.0,33.0,393.0,22.7,522.0,49.6,134.0,43.8,341.0,74.4,
51.0,46.0,Shanghai Jiao Tong University,CN,China (Mainland),XL,FC,VH,4,A,83.7,61.0,83.3,64.0,54.7,279.0,99.4,15.0,39.2,415.0,35.5,377.0,38.3,390.0,55.5,113.0,44.1,,74.3,-5.0
52.0,52.0,Carnegie Mellon University,US,United States,L,FC,VH,5,B,71.2,87.0,75.3,83.0,49.1,319.0,99.9,10.0,46.6,371.0,98.2,59.0,57.4,264.0,60.0,100.0,47.2,,73.7,0.0
53.0,58.0,University of Amsterdam,NL,Netherlands,XL,FC,VH,5,A,83.6,62.0,44.2,203.0,21.2,641.0,98.1,33.0,92.4,168.0,79.9,163.0,97.4,28.0,49.9,133.0,64.8,,73.4,5.0
54.0,59.0,Ludwig-Maximilians-Universität München,DE,Germany,XL,FC,VH,5,A,92.7,40.0,83.5,63.0,46.7,335.0,51.4,254.0,73.3,260.0,37.7,362.0,94.4,57.0,48.5,140.0,77.3,,72.5,5.0
55.0,,University of Bristol,UK,United Kingdom,L,FC,VH,5,A,74.9,78.0,84.7,60.0,47.3,331.0,64.7,179.0,85.5,205.0,86.8,136.0,84.4,122.0,39.6,181.0,81.3,141.0,72.4,
56.0,,KAIST - Korea Advanced Institute of Science & Technology,KR,South Korea,M,CO,VH,4,A,89.9,44.0,88.8,53.0,66.2,202.0,97.7,35.0,22.3,570.0,11.6,682.0,10.6,662.0,41.8,174.0,14.2,,72.2,
57.0,,Duke University,US,United States,L,FC,VH,5,B,85.7,53.0,69.3,106.0,100.0,7.0,40.2,344.0,16.8,634.0,52.2,278.0,90.0,82.0,89.3,37.0,95.0,,72.0,
58.0,72.0,University of Texas at Austin,US,United States,XL,FC,VH,5,A,93.5,35.0,83.2,65.0,8.9,,86.7,85.0,9.3,,11.0,691.0,79.4,147.0,70.0,73.0,77.7,,71.8,14.0
59.0,60.0,Sorbonne University,FR,France,XL,FC,VH,1,A,88.6,48.0,53.2,151.0,43.3,361.0,85.4,93.0,35.2,451.0,49.8,297.0,100.0,4.0,39.5,182.0,75.8,,71.7,1.0
60.0,40.0,The Hong Kong University of Science and Technology,HK,Hong Kong SAR,M,CO,VH,3,A,83.3,63.0,42.6,216.0,53.6,289.0,99.1,20.0,100.0,19.0,91.4,111.0,5.3,,50.3,131.0,31.0,,71.1,-20.0
61.0,76.0,KU Leuven,BE,Belgium,XL,FC,VH,5,A,84.6,56.0,42.4,220.0,7.0,,92.7,66.0,93.1,163.0,45.7,318.0,99.9,6.0,56.1,111.0,75.6,,70.1,15.0
62.0,53.0,"University of California, San Diego (UCSD)",US,United States,XL,FC,VH,4,A,89.1,47.0,50.4,167.0,49.6,313.0,74.3,130.0,68.1,285.0,51.3,282.0,94.9,55.0,17.7,471.0,72.5,,70.0,-9.0
63.0,80.0,University of Washington,US,United States,XL,FC,VH,5,A,84.0,58.0,50.4,168.0,19.1,692.0,93.5,62.0,19.0,600.0,33.2,392.0,94.0,59.0,70.0,74.0,88.1,,69.2,17.0
64.0,85.0,University of Illinois at Urbana-Champaign,US,United States,XL,FC,VH,5,A,85.0,54.0,70.8,100.0,7.5,,86.5,86.0,11.1,,49.2,303.0,76.4,164.0,66.0,84.0,83.5,,69.1,21.0
,,The Hong Kong Polytechnic University,HK,Hong Kong SAR,L,CO,VH,3,A,68.1,97.0,30.2,323.0,68.0,192.0,88.8,77.0,100.0,40.0,87.4,133.0,42.0,362.0,49.2,138.0,92.8,73.0,68.7,
,70.0,Universiti Malaya (UM),MY,Malaysia,L,FC,VH,4,A,81.2,68.0,96.0,34.0,71.6,178.0,32.7,416.0,52.8,346.0,58.9,254.0,79.3,148.0,28.1,286.0,93.4,68.0,68.7,
67.0,64.0,The University of Warwick,UK,United Kingdom,L,FC,VH,4,A,71.3,86.0,88.0,56.0,37.3,420.0,49.0,275.0,98.2,109.0,99.3,47.0,89.7,87.0,47.2,148.0,62.5,,68.6,-3.0
68.0,87.0,The University of Auckland,NZ,New Zealand,L,FC,VH,5,A,81.6,65.0,40.8,231.0,19.3,687.0,61.7,198.0,100.0,68.0,91.6,108.0,64.4,220.0,94.3,28.0,99.6,9.0,68.0,19.0
69.0,77.0,National Taiwan University (NTU),TW,Taiwan,XL,FC,VH,4,A,92.8,39.0,91.3,46.0,30.9,508.0,47.0,288.0,17.7,619.0,20.0,547.0,33.2,431.0,99.7,12.0,95.6,49.0,67.9,8.0
70.0,54.0,City University of Hong Kong,HK,Hong Kong SAR,M,CO,VH,3,A,59.6,122.0,27.3,356.0,86.6,99.0,99.9,9.0,100.0,17.0,100.0,2.0,17.4,570.0,29.5,269.0,82.1,136.0,67.7,-16.0
71.0,69.0,Université Paris-Saclay,FR,France,XL,CO,VH,1,A,58.9,128.0,99.1,13.0,99.8,25.0,45.8,294.0,39.1,416.0,60.8,244.0,98.7,17.0,34.3,224.0,73.6,,67.6,-2.0
72.0,90.0,The University of Western Australia,AU,Australia,L,FC,VH,5,A,56.2,138.0,44.6,200.0,16.5,,98.9,23.0,100.0,29.0,99.8,34.0,90.0,83.0,66.0,82.0,70.1,,66.9,18.0
,63.0,Brown University,US,United States,M,FC,VH,5,B,58.3,131.0,42.4,221.0,77.8,145.0,85.9,89.0,84.5,212.0,52.0,279.0,58.3,258.0,74.8,59.0,70.4,,66.4,
,89.0,KTH Royal Institute of Technology ,SE,Sweden,L,CO,VH,5,A,45.7,181.0,51.1,162.0,66.2,201.0,90.2,74.0,93.2,162.0,68.1,217.0,80.7,142.0,56.9,108.0,96.1,,66.4,
75.0,86.0,University of Leeds,UK,United Kingdom,XL,FC,VH,5,A,70.3,89.0,76.7,77.0,37.3,421.0,42.3,320.0,85.2,208.0,90.0,118.0,98.7,16.0,37.8,193.0,90.9,88.0,65.5,11.0
,81.0,University of Glasgow,UK,United Kingdom,XL,FC,VH,5,A,76.3,77.0,70.7,101.0,41.7,377.0,31.8,423.0,96.0,143.0,99.5,41.0,90.0,80.0,26.7,306.0,99.5,11.0,65.2,
,73.0,Yonsei University,KR,South Korea,L,FC,VH,4,B,80.0,72.0,96.3,31.0,87.4,97.0,36.2,385.0,19.6,594.0,49.7,298.0,25.0,498.0,70.9,69.0,38.1,,65.2,
78.0,92.0,Durham University,UK,United Kingdom,L,FC,VH,5,A,59.5,124.0,89.3,50.0,27.8,548.0,53.3,241.0,97.5,125.0,86.9,135.0,86.2,108.0,29.2,274.0,97.6,,65.1,14.0
79.0,74.0,Korea University,KR,South Korea,L,FC,VH,4,B,82.2,64.0,94.0,40.0,81.0,137.0,36.6,382.0,13.6,694.0,36.3,370.0,19.6,546.0,70.6,71.0,58.6,,64.7,-5.0
80.0,68.0,Osaka University,JP,Japan,L,FC,VH,4,A,81.3,67.0,89.1,51.0,55.3,272.0,62.7,191.0,28.6,498.0,13.2,658.0,26.7,486.0,23.4,361.0,58.6,,63.9,-12.0
,98.0,"Trinity College Dublin, The University of Dublin",IE,Ireland,L,FC,VH,5,A,69.3,92.0,39.8,238.0,23.7,601.0,64.1,184.0,99.8,79.0,92.5,104.0,82.2,132.0,70.6,70.0,75.6,,63.5,
,78.0,University of Southampton,UK,United Kingdom,L,FC,VH,5,A,51.5,154.0,51.2,160.0,52.8,298.0,71.4,140.0,96.1,138.0,97.4,70.0,97.0,31.0,32.5,235.0,82.7,,63.5,
83.0,93.0,Pennsylvania State University,US,United States,XL,FC,VH,5,A,77.5,76.0,63.0,126.0,28.4,540.0,62.9,189.0,23.4,560.0,26.8,449.0,96.6,36.0,47.5,145.0,95.1,52.0,63.1,10.0
84.0,91.0,University of Birmingham,UK,United Kingdom,XL,FC,VH,5,A,67.5,99.0,75.7,81.0,41.3,379.0,38.2,364.0,92.3,169.0,83.9,148.0,96.0,41.0,29.5,270.0,80.4,,63.0,7.0
,95.0,Lund University,SE,Sweden,L,FC,VH,5,A,69.3,93.0,47.5,185.0,50.2,310.0,37.7,373.0,98.8,102.0,77.4,173.0,95.2,52.0,66.0,83.0,99.1,14.0,62.8,
,115.0,Universidade de São Paulo,BR,Brazil,XL,FC,VH,4,A,92.4,41.0,82.9,66.0,19.2,688.0,29.9,434.0,6.0,,2.3,,90.9,76.0,89.7,36.0,96.1,,62.8,
,75.0,Lomonosov Moscow State University,RU,Russia,XL,FC,VH,5,A,81.2,69.0,78.3,74.0,99.8,26.0,4.6,,20.3,587.0,92.3,105.0,85.2,115.0,82.2,48.0,13.4,,62.2,
,,Ruprecht-Karls-Universität Heidelberg,DE,Germany,L,FO,VH,5,A,78.3,75.0,52.0,156.0,99.7,29.0,38.2,365.0,52.5,349.0,50.4,290.0,89.7,88.0,19.8,423.0,42.6,,62.2,
89.0,109.0,The University of Adelaide,AU,Australia,L,FC,VH,5,A,54.2,144.0,36.5,267.0,16.2,,87.1,83.0,100.0,69.0,99.6,40.0,78.8,154.0,38.4,191.0,96.3,42.0,62.0,20.0
90.0,137.0,University of Technology Sydney,AU,Australia,L,CO,VH,3,A,43.4,195.0,57.8,143.0,9.0,,95.3,52.0,96.6,132.0,93.6,95.0,79.7,146.0,30.1,260.0,93.1,72.0,61.8,47.0
,55.0,Tokyo Institute of Technology (Tokyo Tech),JP,Japan,M,CO,VH,4,A,74.4,79.0,94.8,39.0,84.4,109.0,53.0,244.0,31.8,475.0,31.7,404.0,8.9,,19.7,425.0,18.0,,61.6,
,,University of Zurich,CH,Switzerland,L,FC,VH,5,A,59.1,126.0,27.6,352.0,89.9,88.0,52.0,248.0,100.0,60.0,53.0,274.0,87.2,100.0,75.2,58.0,80.2,149.0,61.6,
,108.0,Boston University,US,United States,L,FC,VH,5,B,61.7,113.0,68.3,109.0,32.7,485.0,60.1,204.0,21.6,576.0,87.5,132.0,72.6,187.0,68.6,76.0,85.9,,61.4,
,,Universidad Nacional Autónoma de México (UNAM),MX,Mexico,XL,FC,VH,5,A,96.6,28.0,98.2,18.0,39.8,397.0,2.7,,8.3,,2.5,,84.5,120.0,68.4,78.0,88.5,,61.4,
,67.0,Universidad de Buenos Aires (UBA),AR,Argentina,XL,FC,VH,5,A,93.3,36.0,98.0,20.0,73.5,170.0,1.7,,62.6,309.0,66.7,224.0,28.1,470.0,26.2,311.0,18.8,,61.0,
,,University of St Andrews,UK,United Kingdom,M,FO,VH,5,A,47.3,173.0,67.2,114.0,64.9,212.0,57.7,223.0,98.7,103.0,100.0,29.0,51.1,306.0,22.4,370.0,92.1,,61.0,
97.0,88.0,Georgia Institute of Technology,US,United States,L,CO,VH,5,A,67.4,100.0,85.1,59.0,15.3,,67.1,163.0,38.8,417.0,65.4,230.0,33.2,432.0,41.7,175.0,70.4,,60.9,-9.0
98.0,,Freie Universitaet Berlin,DE,Germany,L,FC,VH,4,A,80.8,70.0,51.0,163.0,4.4,,71.4,141.0,62.8,308.0,43.6,332.0,84.9,118.0,21.9,378.0,60.1,251.0,60.8,
99.0,,Purdue University,US,United States,XL,FC,VH,5,A,63.9,108.0,81.2,71.0,10.3,,68.4,155.0,41.5,398.0,45.8,317.0,75.4,170.0,53.4,117.0,67.4,,60.7,
,71.0,Pohang University of Science And Technology (POSTECH),KR,South Korea,S,FO,VH,3,B,51.6,153.0,75.9,79.0,99.9,21.0,98.3,29.0,33.8,464.0,2.6,,1.3,,13.4,637.0,16.9,,60.4,
,114.0,University of Nottingham,UK,United Kingdom,XL,FC,VH,5,A,60.7,116.0,72.1,96.0,32.2,492.0,46.5,290.0,90.0,183.0,75.2,185.0,98.4,18.0,24.4,342.0,80.0,,60.4,
102.0,,University of Wisconsin-Madison,US,United States,XL,FC,VH,5,A,80.2,71.0,47.8,182.0,61.3,229.0,37.4,376.0,30.9,483.0,22.8,501.0,83.6,126.0,73.1,61.0,83.7,,60.0,
103.0,121.0,Pontificia Universidad Católica de Chile (UC),CL,Chile,L,FC,VH,5,B,92.9,38.0,99.5,11.0,20.6,654.0,11.6,,16.4,645.0,3.5,,56.8,270.0,76.3,56.0,91.3,,59.9,18.0
104.0,,The University of Sheffield,UK,United Kingdom,L,FC,VH,5,A,58.7,130.0,52.3,153.0,54.7,278.0,46.9,289.0,84.0,218.0,97.5,69.0,96.1,38.0,24.9,332.0,76.3,169.0,59.7,
105.0,128.0,Uppsala University,SE,Sweden,L,FC,VH,5,A,62.7,111.0,30.5,320.0,47.7,330.0,45.6,296.0,98.3,108.0,82.4,152.0,95.5,47.0,58.2,105.0,99.4,12.0,59.4,23.0
106.0,,RWTH Aachen University,DE,Germany,XL,FC,VH,5,A,49.7,163.0,93.0,44.0,5.5,,78.7,120.0,49.0,362.0,83.0,151.0,63.5,223.0,23.9,354.0,53.4,,59.3,
,82.0,University of Copenhagen,DK,Denmark,XL,FC,VH,5,A,74.1,80.0,25.8,371.0,100.0,19.0,21.2,543.0,91.4,175.0,22.5,506.0,98.2,19.0,60.1,98.0,87.4,,58.8,
,,Utrecht University,NL,Netherlands,XL,FC,VH,5,A,66.6,102.0,31.6,311.0,32.6,487.0,80.8,108.0,57.1,323.0,21.2,531.0,95.0,54.0,26.5,309.0,83.5,,58.8,
109.0,,Aalto University,FI,Finland,L,FO,VH,2,A,44.6,187.0,41.8,223.0,40.2,391.0,79.4,112.0,95.5,147.0,37.7,363.0,56.2,277.0,88.9,39.0,95.0,,58.7,
110.0,122.0,Newcastle University,UK,United Kingdom,L,FC,VH,4,A,48.0,170.0,74.5,87.0,35.6,445.0,50.2,264.0,90.0,182.0,70.9,203.0,96.1,39.0,24.1,349.0,98.8,17.0,58.6,12.0
111.0,110.0,University of Alberta,CA,Canada,XL,FC,VH,5,A,56.8,135.0,36.5,266.0,42.8,370.0,59.1,213.0,97.9,116.0,73.2,193.0,92.1,68.0,46.0,152.0,76.1,170.0,58.3,-1.0
112.0,154.0,University of Waterloo,CA,Canada,XL,CO,VH,4,A,40.7,208.0,66.7,117.0,6.8,,82.9,100.0,76.8,241.0,77.9,172.0,55.4,281.0,55.9,112.0,97.1,,58.1,42.0
113.0,79.0,Tohoku University,JP,Japan,L,FC,VH,5,A,72.4,85.0,84.2,61.0,98.5,41.0,29.6,436.0,14.2,683.0,13.8,647.0,27.6,474.0,17.2,486.0,74.8,,58.0,-34.0
114.0,,Western University,CA,Canada,XL,FC,VH,5,A,32.1,273.0,47.4,186.0,3.7,,98.3,30.0,99.7,86.0,54.6,268.0,56.4,274.0,93.3,30.0,99.6,8.0,57.4,
115.0,,University of Helsinki,FI,Finland,L,CO,VH,5,A,65.1,105.0,32.3,304.0,63.4,223.0,49.8,265.0,71.5,268.0,5.4,,96.0,40.0,65.7,86.0,82.7,,57.2,
116.0,134.0,University of Southern California,US,United States,XL,FC,VH,5,B,52.5,150.0,47.6,183.0,21.7,634.0,68.0,157.0,31.8,474.0,73.5,191.0,62.8,228.0,93.1,32.0,98.9,15.0,57.1,18.0
117.0,101.0,University of Oslo,NO,Norway,L,FC,VH,5,A,55.8,139.0,11.2,,81.7,132.0,64.2,183.0,86.1,202.0,25.4,472.0,95.9,43.0,41.8,173.0,91.8,,56.9,-16.0
118.0,153.0,Stockholm University,SE,Sweden,L,CO,VH,4,A,54.1,145.0,15.2,543.0,28.2,543.0,71.9,138.0,81.5,223.0,84.1,147.0,95.3,51.0,76.2,57.0,75.1,,56.8,35.0
119.0,,"KIT, Karlsruhe Institute of Technology",DE,Germany,L,CO,VH,4,A,45.6,182.0,76.8,76.0,36.0,443.0,71.9,139.0,70.4,275.0,46.7,312.0,76.0,166.0,38.7,187.0,23.9,,56.4,
120.0,,Humboldt-Universität zu Berlin,DE,Germany,XL,FC,VH,5,A,90.2,43.0,65.9,120.0,7.6,,31.3,425.0,68.1,286.0,31.5,406.0,86.0,110.0,14.4,586.0,37.5,,56.3,
121.0,,Technical University of Denmark,DK,Denmark,M,FO,VH,5,A,32.5,270.0,16.3,525.0,99.8,27.0,83.4,99.0,100.0,53.0,82.0,153.0,71.6,189.0,28.9,275.0,54.9,,56.2,
122.0,146.0,Lancaster University,UK,United Kingdom,L,FC,VH,4,A,39.7,215.0,40.2,236.0,25.2,581.0,79.3,115.0,93.6,157.0,90.6,116.0,75.3,171.0,20.7,400.0,98.0,24.0,55.7,24.0
123.0,139.0,Politecnico di Milano,IT,Italy,XL,FO,VH,5,A,69.3,94.0,71.2,99.0,5.2,,48.3,282.0,63.8,302.0,56.6,262.0,75.1,173.0,36.9,201.0,29.4,,55.2,16.0
,138.0,Eindhoven University of Technology,NL,Netherlands,M,FO,VH,4,A,29.3,295.0,76.2,78.0,40.4,390.0,89.7,75.0,100.0,30.0,70.8,205.0,40.1,377.0,19.7,426.0,18.0,,55.0,
,136.0,University of Basel,CH,Switzerland,M,FC,VH,5,A,27.8,314.0,17.8,494.0,57.4,253.0,96.5,44.0,100.0,34.0,85.0,143.0,74.4,175.0,41.1,179.0,70.4,,55.0,
,,Leiden University,NL,Netherlands,XL,FC,VH,5,A,69.1,95.0,26.8,362.0,20.2,659.0,62.7,190.0,85.5,204.0,50.2,292.0,93.7,61.0,26.9,303.0,46.0,,54.8,
,120.0,University of Bern,CH,Switzerland,M,FO,VH,5,A,30.5,284.0,24.4,396.0,54.6,280.0,99.2,17.0,100.0,42.0,36.9,369.0,89.1,89.0,26.1,313.0,73.6,,54.8,
128.0,,University of Geneva,CH,Switzerland,L,FC,VH,5,A,45.1,184.0,14.1,579.0,42.0,374.0,75.4,127.0,100.0,45.0,96.3,81.0,87.3,99.0,31.0,246.0,63.1,,54.2,
129.0,,Chalmers University of Technology,SE,Sweden,M,FO,VH,5,B,26.6,326.0,51.5,158.0,51.1,306.0,80.9,107.0,100.0,49.0,67.4,220.0,52.2,299.0,28.7,278.0,82.9,132.0,54.0,
,,Macquarie University,AU,Australia,L,FC,VH,4,A,31.6,276.0,41.0,228.0,10.3,,81.3,105.0,98.6,104.0,93.6,94.0,81.4,139.0,43.2,167.0,91.8,,53.7,
,151.0,University of Vienna,AT,Austria,XL,FC,VH,5,A,70.8,88.0,42.5,217.0,22.0,629.0,14.5,646.0,99.3,92.0,88.1,129.0,93.5,62.0,56.8,109.0,74.1,180.0,53.7,
,,"University of California, Davis",US,United States,XL,FC,VH,5,A,63.9,107.0,44.7,199.0,30.4,518.0,40.7,338.0,70.3,276.0,49.3,301.0,77.8,159.0,19.0,439.0,98.9,16.0,53.2,
,,"University of North Carolina, Chapel Hill",US,United States,XL,FC,VH,5,A,63.0,110.0,33.9,290.0,72.9,171.0,42.5,316.0,24.7,541.0,10.1,,82.2,133.0,47.9,142.0,96.8,38.0,53.2,
,171.0,Sapienza University of Rome,IT,Italy,XL,FC,VH,5,A,79.2,74.0,41.0,229.0,4.6,,44.9,301.0,3.0,,10.8,697.0,96.9,33.0,59.8,101.0,92.0,79.0,52.9,
,,Texas A&M University,US,United States,XL,FC,VH,5,A,62.0,112.0,59.6,135.0,4.5,,68.4,152.0,23.1,564.0,13.3,656.0,88.4,93.0,30.1,259.0,61.3,,52.9,
136.0,159.0,Michigan State University,US,United States,XL,FC,VH,5,A,59.9,120.0,49.4,174.0,11.3,,58.0,221.0,58.6,320.0,12.8,665.0,95.6,45.0,45.5,153.0,71.2,199.0,52.7,23.0
,,Universiti Sains Malaysia (USM),MY,Malaysia,L,FC,VH,4,A,61.4,115.0,74.7,86.0,55.2,273.0,16.2,613.0,24.9,538.0,88.9,124.0,59.6,246.0,18.2,462.0,85.5,116.0,52.6,
,94.0,University of Science and Technology of China,CN,China (Mainland),L,CO,VH,4,A,52.5,149.0,17.5,500.0,91.2,80.0,98.5,26.0,16.8,639.0,5.2,,32.2,444.0,24.8,335.0,21.6,,52.6,
139.0,145.0,University of Groningen,NL,Netherlands,XL,FC,VH,5,A,52.9,148.0,29.9,326.0,51.4,304.0,42.9,311.0,93.5,159.0,85.6,140.0,92.1,67.0,22.3,372.0,67.7,214.0,52.5,6.0
140.0,,RMIT University,AU,Australia,XL,CO,VH,3,A,38.6,223.0,49.6,173.0,5.4,,68.6,151.0,100.0,37.0,92.8,102.0,57.3,267.0,28.8,277.0,96.2,43.0,52.4,
,133.0,Nanjing University,CN,China (Mainland),XL,FC,VH,5,A,59.6,123.0,25.4,378.0,31.3,504.0,96.9,42.0,55.1,334.0,7.3,,26.4,488.0,23.7,356.0,39.0,,52.1,
,,Université de Montréal ,CA,Canada,XL,FC,VH,5,A,56.6,136.0,34.5,283.0,77.0,154.0,24.9,491.0,88.4,191.0,52.2,277.0,65.2,216.0,36.0,205.0,95.5,50.0,52.1,
,161.0,Aarhus University,DK,Denmark,L,FC,VH,4,A,55.8,140.0,24.7,387.0,32.5,490.0,54.1,238.0,90.3,181.0,13.1,661.0,94.8,56.0,45.1,156.0,98.4,,52.0,
,,King Abdulaziz University (KAU),SA,Saudi Arabia,XL,FC,VH,4,A,54.5,143.0,61.6,127.0,52.5,300.0,37.5,374.0,97.5,124.0,23.1,500.0,84.4,121.0,17.3,483.0,43.5,,52.0,
,,Queen Mary University of London,UK,United Kingdom,L,FC,VH,5,A,48.8,168.0,32.8,300.0,38.7,409.0,50.7,260.0,99.7,85.0,99.4,43.0,72.8,184.0,16.8,506.0,69.9,,51.9,
,100.0,Rice University,US,United States,M,FC,VH,5,B,38.7,222.0,22.9,415.0,65.9,205.0,82.5,101.0,91.0,176.0,94.8,89.0,9.8,671.0,30.0,262.0,42.6,,51.9,
,99.0,Sungkyunkwan University(SKKU),KR,South Korea,L,FC,VH,5,B,64.2,106.0,71.6,98.0,81.8,129.0,37.9,369.0,17.8,618.0,34.0,387.0,9.8,672.0,26.8,304.0,27.6,,51.9,
148.0,,University of Bath,UK,United Kingdom,L,CO,VH,4,A,35.6,244.0,74.3,88.0,16.1,,61.9,196.0,96.3,136.0,81.6,155.0,59.3,251.0,26.5,310.0,48.4,,51.8,
,,Indian Institute of Technology Bombay (IITB),IN,India,L,CO,VH,4,A,55.5,141.0,81.9,69.0,18.9,697.0,73.1,133.0,4.7,,1.4,,8.5,,47.4,146.0,54.9,,51.7,
,178.0,Universitat Autònoma de Barcelona,ES,Spain,XL,FC,VH,4,A,63.2,109.0,39.0,246.0,10.6,,70.6,145.0,18.0,615.0,17.4,582.0,84.2,123.0,13.7,623.0,94.6,60.0,51.7,
,140.0,The Ohio State University,US,United States,XL,FC,VH,5,A,59.4,125.0,55.8,148.0,53.8,287.0,30.8,429.0,49.7,359.0,16.5,590.0,85.0,116.0,35.2,216.0,78.4,,51.3,
,124.0,Wageningen University & Research,NL,Netherlands,L,FO,VH,5,A,43.3,196.0,19.0,472.0,97.9,47.0,46.0,292.0,55.0,336.0,78.5,170.0,97.8,22.0,19.0,438.0,71.5,,51.3,
153.0,163.0,The University of Exeter,UK,United Kingdom,L,FC,VH,4,A,43.0,199.0,51.1,161.0,27.4,555.0,43.3,308.0,91.6,174.0,76.2,180.0,89.8,85.0,19.7,424.0,94.8,57.0,50.9,10.0
,,Alma Mater Studiorum - University of Bologna,IT,Italy,XL,FC,VH,5,A,79.6,73.0,40.0,237.0,3.4,,49.5,267.0,8.0,,10.9,695.0,91.0,75.0,34.8,219.0,56.5,,50.5,
,166.0,Cardiff University,UK,United Kingdom,L,FC,VH,5,A,46.5,176.0,48.3,181.0,33.7,474.0,39.6,347.0,84.0,217.0,70.6,206.0,81.6,138.0,18.9,442.0,97.9,25.0,50.5,
,158.0,Technische Universität Berlin (TU Berlin),DE,Germany,L,CO,VH,5,A,56.2,137.0,69.3,107.0,53.0,296.0,24.9,492.0,51.3,351.0,68.8,214.0,55.0,284.0,25.4,327.0,52.1,294.0,50.5,
,,Washington University in St. Louis,US,United States,L,FC,VH,5,B,38.6,224.0,10.4,,99.8,28.0,50.7,259.0,84.3,214.0,68.0,219.0,60.5,241.0,33.7,228.0,91.4,83.0,50.5,
158.0,123.0,Universiti Putra Malaysia (UPM),MY,Malaysia,L,FC,VH,4,A,58.8,129.0,67.5,113.0,67.6,194.0,22.7,519.0,44.3,381.0,97.3,72.0,45.4,341.0,9.7,,23.2,,50.4,-35.0
,,Ghent University,BE,Belgium,XL,FC,VH,5,A,53.4,146.0,25.2,379.0,78.9,141.0,25.1,486.0,79.6,231.0,21.2,528.0,99.8,8.0,52.0,124.0,91.3,,50.2,
,,Universidad de Chile,CL,Chile,XL,FC,VH,5,A,81.5,66.0,96.6,30.0,9.7,,12.5,687.0,9.0,,5.0,,48.6,322.0,50.4,130.0,36.3,,50.2,
,,Universiti Kebangsaan Malaysia (UKM),MY,Malaysia,L,FC,VH,4,A,59.7,121.0,70.1,103.0,87.5,95.0,11.7,,52.7,347.0,61.1,242.0,56.7,272.0,11.2,,24.4,,50.2,
162.0,,University of Wollongong,AU,Australia,L,FC,VH,3,A,29.7,290.0,25.1,382.0,16.3,,93.8,60.0,95.6,146.0,56.0,265.0,72.7,186.0,17.1,492.0,92.3,,50.1,
163.0,149.0,"University of California, Santa Barbara (UCSB)",US,United States,L,CO,VH,5,A,54.8,142.0,19.0,470.0,9.5,,96.9,41.0,70.4,274.0,21.6,522.0,43.5,352.0,10.4,,55.8,,50.0,-14.0
,157.0,Hanyang University,KR,South Korea,L,FC,VH,4,B,49.0,167.0,81.3,70.0,83.5,117.0,23.3,510.0,16.9,632.0,54.3,269.0,15.6,587.0,24.8,336.0,77.7,,49.7,
,135.0,Kyushu University,JP,Japan,L,FC,VH,5,A,57.4,132.0,70.0,104.0,85.7,103.0,23.9,503.0,14.7,671.0,25.6,467.0,32.8,436.0,15.4,547.0,77.7,,49.7,
,184.0,Universitat de Barcelona,ES,Spain,XL,FC,VH,5,A,73.2,83.0,23.0,412.0,13.1,,41.8,325.0,21.8,574.0,28.5,437.0,97.8,23.0,39.8,180.0,98.1,23.0,49.7,
167.0,162.0,University of York,UK,United Kingdom,L,FC,VH,4,A,43.5,194.0,35.3,275.0,45.0,351.0,40.3,342.0,88.3,192.0,78.2,171.0,79.2,150.0,19.8,421.0,97.8,,49.4,-5.0
168.0,188.0,University of Florida,US,United States,XL,FC,VH,5,A,48.0,171.0,58.7,137.0,71.3,180.0,26.6,467.0,18.8,604.0,10.8,699.0,97.7,24.0,39.0,184.0,95.7,48.0,49.1,20.0
,,"University of Maryland, College Park",US,United States,XL,FC,VH,5,A,49.2,165.0,26.1,369.0,35.1,451.0,68.4,154.0,31.6,477.0,14.0,639.0,85.5,113.0,41.6,176.0,81.7,,48.9,
,229.0,University of Reading,UK,United Kingdom,L,CO,VH,5,A,33.2,263.0,39.3,241.0,16.1,,67.4,161.0,88.4,189.0,81.0,158.0,77.8,158.0,32.3,237.0,72.5,,48.9,
,,Complutense University of Madrid,ES,Spain,XL,FC,VH,4,A,68.2,96.0,69.3,105.0,25.8,573.0,7.0,,9.0,,25.6,469.0,83.4,127.0,57.9,106.0,96.3,41.0,48.8,
,,University College Dublin,IE,Ireland,L,FC,VH,5,A,49.8,162.0,41.3,226.0,20.7,652.0,38.9,354.0,98.8,101.0,60.8,245.0,50.5,309.0,69.0,75.0,70.1,,48.8,
,,Qatar University,QA,Qatar,M,FC,VH,3,A,27.1,320.0,43.9,206.0,64.8,213.0,38.8,356.0,100.0,20.0,96.8,74.0,59.8,244.0,95.8,24.0,35.5,,48.7,
,192.0,"The University of Newcastle, Australia (UON)",AU,Australia,M,FC,VH,4,A,29.3,296.0,26.9,361.0,36.5,436.0,91.4,71.0,100.0,,17.3,584.0,49.2,319.0,12.5,696.0,93.2,,48.7,
,,University of Cape Town,ZA,South Africa,L,FC,VH,5,A,44.4,190.0,51.0,164.0,12.6,,45.7,295.0,59.9,317.0,21.2,527.0,95.4,49.0,88.9,38.0,75.1,,48.7,
,,Erasmus University Rotterdam ,NL,Netherlands,XL,FO,VH,5,A,37.3,232.0,50.9,165.0,22.5,624.0,53.4,240.0,83.0,221.0,60.1,247.0,71.6,190.0,63.7,91.0,49.4,,48.5,
,,Nagoya University,JP,Japan,L,FC,VH,4,A,61.5,114.0,65.1,123.0,87.5,96.0,33.0,412.0,15.4,661.0,19.1,558.0,17.6,565.0,16.6,509.0,24.1,,48.5,
,,University of Liverpool,UK,United Kingdom,L,FC,VH,5,A,44.4,191.0,35.0,277.0,39.7,401.0,37.9,371.0,87.8,194.0,79.0,168.0,97.2,29.0,25.6,324.0,72.0,193.0,48.5,
179.0,219.0,Arizona State University,US,United States,XL,CO,VH,5,A,46.7,174.0,36.7,265.0,6.8,,61.5,199.0,64.5,299.0,30.1,422.0,87.9,97.0,26.6,307.0,97.3,,48.1,40.0
,160.0,King Fahd University of Petroleum & Minerals,SA,Saudi Arabia,M,FC,VH,4,A,32.9,267.0,36.5,268.0,82.8,124.0,65.8,165.0,100.0,24.0,31.8,402.0,25.7,492.0,38.9,185.0,20.9,,48.0,
,,Université catholique de Louvain (UCLouvain),BE,Belgium,L,FC,VH,5,B,49.1,166.0,30.8,317.0,4.4,,60.2,203.0,89.4,186.0,39.3,347.0,83.2,130.0,51.7,125.0,54.6,,48.0,
182.0,242.0,University of Calgary,CA,Canada,XL,FC,VH,4,A,37.7,229.0,61.2,129.0,19.9,668.0,41.5,330.0,82.8,222.0,62.0,241.0,62.3,232.0,38.6,188.0,91.5,82.0,47.9,60.0
183.0,193.0,Curtin University,AU,Australia,L,CO,VH,3,A,32.4,271.0,31.8,309.0,14.3,,86.2,88.0,100.0,43.0,26.4,459.0,84.9,119.0,25.7,320.0,50.6,,47.8,10.0
,111.0,École Normale Supérieure de Lyon,FR,France,S,CO,VH,5,A,30.5,285.0,14.4,570.0,95.7,59.0,98.4,27.0,70.8,272.0,14.6,628.0,34.3,425.0,10.0,,5.9,,47.6,
,,Technische Universität Wien,AT,Austria,M,FO,VH,5,A,32.9,266.0,44.4,201.0,13.1,,85.7,91.0,79.3,232.0,89.0,123.0,45.1,347.0,13.2,649.0,19.0,,47.6,
,170.0,Tecnológico de Monterrey,MX,Mexico,XL,FC,HI,4,B,51.3,157.0,96.8,28.0,63.5,222.0,2.3,,32.7,469.0,11.7,681.0,13.5,618.0,88.3,41.0,65.7,,47.6,
187.0,,University of Gothenburg,SE,Sweden,L,FC,VH,4,A,36.2,239.0,16.9,511.0,56.3,261.0,39.4,349.0,90.6,179.0,80.8,160.0,86.4,104.0,46.3,151.0,97.6,,47.3,
188.0,,Universiti Teknologi Malaysia ,MY,Malaysia,L,CO,VH,3,A,46.6,175.0,63.8,124.0,42.5,371.0,33.9,403.0,16.0,651.0,85.2,141.0,58.6,257.0,13.6,631.0,66.8,,46.9,
,152.0,McMaster University,CA,Canada,L,FC,VH,5,A,40.5,210.0,38.2,255.0,75.1,166.0,29.0,444.0,99.3,93.0,59.5,250.0,40.2,376.0,37.2,197.0,70.1,,46.8,
,,Queensland University of Technology (QUT),AU,Australia,XL,CO,VH,3,A,40.9,205.0,37.6,261.0,7.4,,64.9,176.0,96.0,141.0,26.4,458.0,68.8,202.0,16.8,502.0,90.6,,46.8,
,,Universite libre de Bruxelles,BE,Belgium,L,FC,VH,5,A,34.4,249.0,38.9,247.0,3.3,,63.3,186.0,97.1,126.0,85.0,144.0,69.1,201.0,35.7,207.0,60.4,,46.8,
,189.0,Albert-Ludwigs-Universitaet Freiburg,DE,Germany,L,FC,VH,5,A,46.1,179.0,19.8,460.0,29.1,531.0,63.3,187.0,68.8,281.0,36.3,371.0,82.7,131.0,25.3,328.0,68.2,213.0,46.7,
,,Ecole des Ponts ParisTech,FR,France,S,FO,VH,5,A,8.3,,57.9,142.0,98.2,45.0,80.7,109.0,34.6,458.0,96.8,75.0,5.6,,30.0,261.0,19.2,,46.7,
194.0,194.0,Wuhan University,CN,China (Mainland),XL,FC,VH,4,A,40.9,204.0,44.0,205.0,12.8,,87.4,82.0,40.7,405.0,5.0,,48.4,324.0,35.0,218.0,44.4,,46.6,0.0
195.0,,University of Minnesota Twin Cities,US,United States,XL,FC,VH,5,A,59.0,127.0,30.2,324.0,30.6,510.0,46.4,291.0,5.5,,9.1,,86.1,109.0,41.9,172.0,88.5,,46.4,
196.0,,Hokkaido University,JP,Japan,L,FC,VH,5,A,57.3,134.0,66.0,119.0,75.8,162.0,27.8,451.0,17.5,621.0,14.4,633.0,38.1,392.0,12.9,665.0,30.7,,46.2,
197.0,,Indian Institute of Technology Delhi (IITD),IN,India,M,CO,VH,4,A,51.2,158.0,75.9,80.0,22.0,630.0,64.3,182.0,2.4,,1.4,,6.6,,32.8,234.0,37.5,,46.1,
198.0,,Universidad de los Andes,CO,Colombia,L,FC,HI,4,B,65.4,103.0,95.7,35.0,17.6,,5.9,,26.4,517.0,2.0,,11.1,649.0,96.2,23.0,40.2,,46.0,
,,Emory University,US,United States,L,FC,VH,5,B,25.6,342.0,16.4,522.0,97.7,50.0,69.7,149.0,37.3,431.0,31.1,409.0,57.0,268.0,23.6,357.0,85.7,115.0,45.9,
,,Universidad Autónoma de Madrid,ES,Spain,L,FC,VH,4,A,60.4,117.0,57.7,145.0,34.5,464.0,25.1,485.0,7.8,,12.0,678.0,80.4,143.0,19.6,428.0,88.8,,45.9,
,,Waseda University,JP,Japan,XL,CO,VH,5,B,60.2,118.0,97.3,24.0,23.7,602.0,4.3,,27.6,503.0,28.6,436.0,17.5,569.0,65.6,87.0,56.5,,45.9,
202.0,,Queen's University Belfast,UK,United Kingdom,L,FC,VH,5,A,33.6,258.0,30.3,321.0,27.5,554.0,43.5,307.0,100.0,75.0,98.9,54.0,84.1,124.0,14.3,589.0,91.0,87.0,45.8,
,,King Saud University,SA,Saudi Arabia,XL,FC,VH,4,A,36.9,236.0,21.3,435.0,64.2,218.0,32.2,419.0,99.7,83.0,21.3,525.0,88.6,92.0,71.7,67.0,75.8,,45.2,
,,University of Ottawa,CA,Canada,XL,FC,VH,5,A,26.5,329.0,29.7,328.0,3.8,,79.1,116.0,85.9,203.0,75.9,182.0,85.8,111.0,24.3,344.0,54.6,,45.2,
205.0,228.0,Universität Hamburg,DE,Germany,L,FC,VH,5,A,51.0,160.0,28.7,340.0,16.9,,60.0,205.0,41.6,395.0,22.3,512.0,87.2,101.0,26.8,305.0,52.8,,45.1,23.0
206.0,,University of Otago,NZ,New Zealand,L,FC,VH,5,A,46.3,178.0,27.1,359.0,11.0,,51.0,256.0,100.0,44.0,29.2,428.0,38.1,391.0,44.7,159.0,98.1,22.0,45.0,
207.0,214.0,Vrije Universiteit Amsterdam,NL,Netherlands,XL,FC,VH,5,A,39.6,217.0,15.7,531.0,23.6,607.0,68.1,156.0,68.5,284.0,40.2,340.0,70.1,195.0,20.2,414.0,89.1,,44.9,7.0
208.0,,University of Aberdeen,UK,United Kingdom,L,FC,VH,5,A,29.6,292.0,32.5,302.0,29.6,525.0,42.1,322.0,95.8,144.0,96.7,77.0,73.3,180.0,20.5,408.0,98.1,21.0,44.6,
209.0,,Queen's University at Kingston,CA,Canada,L,FC,VH,5,A,40.5,209.0,56.7,146.0,5.3,,45.1,300.0,70.1,278.0,30.6,417.0,22.5,523.0,71.5,68.0,85.4,117.0,44.5,
210.0,,University of Twente,NL,Netherlands,M,FO,VH,4,A,20.6,422.0,38.3,254.0,39.4,404.0,65.3,171.0,99.3,94.0,91.1,112.0,67.6,208.0,12.6,687.0,33.2,,44.4,
211.0,,Chulalongkorn University,TH,Thailand,XL,FC,VH,5,A,66.6,101.0,50.1,170.0,31.5,498.0,7.0,,15.0,668.0,2.9,,49.4,318.0,87.2,44.0,85.9,,44.3,
212.0,,Loughborough University,UK,United Kingdom,L,CO,VH,4,A,30.5,283.0,66.8,116.0,23.6,604.0,34.6,392.0,87.3,198.0,63.5,237.0,77.1,162.0,18.8,446.0,63.4,231.0,44.2,
213.0,169.0,Eberhard Karls Universität Tübingen,DE,Germany,L,FC,VH,5,A,45.8,180.0,29.9,325.0,92.9,71.0,19.7,560.0,67.6,289.0,26.7,454.0,89.9,84.0,21.1,393.0,42.3,,44.1,-44.0
214.0,,Keio University,JP,Japan,XL,FC,VH,5,B,51.4,156.0,93.5,42.0,58.0,246.0,6.0,,9.6,,9.2,,9.2,689.0,79.8,50.0,39.3,366.0,44.0,
215.0,,Tel Aviv University,IL,Israel,L,FC,VH,4,A,33.2,264.0,23.6,407.0,3.8,,99.9,11.0,40.4,410.0,4.6,,39.5,382.0,72.9,62.0,38.4,,43.9,
216.0,,Tongji University,CN,China (Mainland),XL,FC,VH,5,A,34.4,251.0,13.1,,28.8,534.0,91.8,70.0,56.7,327.0,32.6,396.0,21.3,534.0,18.0,464.0,65.4,225.0,43.5,
217.0,202.0,National Yang Ming Chiao Tung University,TW,Taiwan,L,FC,VH,1,A,33.3,262.0,67.9,110.0,53.9,286.0,52.1,247.0,19.0,601.0,18.5,566.0,4.4,,44.6,160.0,54.3,,43.3,-15.0
218.0,,University of Sussex,UK,United Kingdom,L,FC,VH,4,A,22.9,380.0,8.9,,14.6,,70.9,142.0,96.1,137.0,93.0,100.0,62.9,226.0,30.6,251.0,97.2,35.0,43.1,
219.0,,Università di Padova,IT,Italy,XL,FC,VH,5,A,57.3,133.0,22.0,428.0,7.8,,51.8,250.0,12.9,,9.4,,91.3,73.0,13.8,620.0,95.0,55.0,43.0,
,,Universidade Estadual de Campinas (Unicamp),BR,Brazil,XL,FC,VH,4,A,70.3,90.0,50.1,169.0,13.0,,24.9,489.0,11.7,,2.9,,53.7,294.0,9.6,,74.8,,42.7,
,,University of Lausanne,CH,Switzerland,L,FO,VH,5,A,29.4,294.0,15.1,545.0,36.6,434.0,65.1,173.0,99.9,77.0,56.6,263.0,48.0,327.0,27.9,290.0,61.6,245.0,42.7,
,232.0,Radboud University ,NL,Netherlands,L,FC,VH,5,A,28.9,302.0,13.9,585.0,27.6,551.0,74.9,129.0,78.3,236.0,20.2,544.0,78.8,155.0,15.7,533.0,82.7,,42.5,
,,University of Pittsburgh,US,United States,L,FC,VH,5,A,37.9,228.0,15.2,541.0,96.1,56.0,38.7,357.0,7.0,,14.9,621.0,81.1,140.0,33.1,232.0,90.5,91.0,42.5,
224.0,,University of Rochester,US,United States,M,FC,VH,5,B,22.1,398.0,18.4,477.0,97.9,48.0,51.6,252.0,71.4,269.0,91.7,106.0,31.3,451.0,26.6,308.0,33.2,,42.4,
225.0,,Indian Institute of Science,IN,India,S,SP,,5,A,41.5,202.0,20.0,454.0,46.4,340.0,100.0,6.0,4.8,,1.7,,4.4,,13.8,621.0,10.7,660.0,42.1,
,252.0,American University of Beirut (AUB),LB,Lebanon,M,FC,VH,5,B,27.6,316.0,41.6,225.0,57.3,254.0,24.2,499.0,67.8,288.0,46.8,310.0,35.6,415.0,88.5,40.0,93.2,,41.9,
,,Universidad Nacional de Colombia,CO,Colombia,XL,FC,HI,5,A,69.5,91.0,96.8,29.0,6.1,,3.5,,6.4,,1.5,,13.3,620.0,29.9,263.0,49.7,,41.9,
228.0,,National Cheng Kung University (NCKU),TW,Taiwan,L,FC,VH,4,A,49.4,164.0,75.6,82.0,32.9,482.0,21.2,544.0,23.7,557.0,15.7,605.0,10.9,653.0,30.2,257.0,78.2,,41.8,
229.0,,Friedrich-Alexander-Universität Erlangen-Nürnberg,DE,Germany,L,FC,VH,5,A,25.2,347.0,20.9,446.0,2.8,,95.8,48.0,26.8,511.0,39.9,342.0,75.1,172.0,15.5,541.0,69.9,,41.7,
,150.0,Al-Farabi Kazakh National University,KZ,Kazakhstan,L,FC,HI,4,A,51.4,155.0,74.9,85.0,98.9,38.0,1.4,,28.8,497.0,34.0,386.0,12.0,634.0,11.5,,5.1,,41.6,
,,Khalifa University of Science and Technology,AE,United Arab Emirates,S,SP,,2,A,19.7,448.0,20.4,451.0,87.2,98.0,48.3,281.0,100.0,10.0,75.3,184.0,29.6,459.0,9.0,,66.5,,41.6,
232.0,,University of Göttingen,DE,Germany,L,FC,VH,5,A,47.4,172.0,29.0,338.0,70.1,183.0,17.7,587.0,49.5,361.0,22.5,505.0,91.8,71.0,21.9,379.0,55.5,274.0,41.4,
,266.0,Deakin University,AU,Australia,XL,FC,VH,3,A,29.6,291.0,25.8,373.0,4.8,,67.4,160.0,96.7,130.0,59.9,249.0,51.4,303.0,26.2,312.0,54.3,,41.3,
,177.0,National Tsing Hua University,TW,Taiwan,L,CO,VH,4,A,53.1,147.0,67.7,111.0,28.3,542.0,38.3,363.0,16.8,635.0,20.1,546.0,6.7,,15.9,525.0,30.5,,41.3,
235.0,,Heriot-Watt University,UK,United Kingdom,M,CO,VH,4,A,16.4,537.0,21.1,438.0,18.6,,79.4,113.0,100.0,67.0,97.6,66.0,40.2,375.0,21.3,392.0,43.5,,41.2,
236.0,,Université de Paris-Cité,FR,France,XL,FO,VH,1,A,31.6,275.0,5.9,,9.2,,93.7,61.0,19.3,598.0,41.5,336.0,99.6,11.0,11.6,,46.0,,41.1,
,,Dartmouth College,US,United States,M,FC,VH,5,B,21.1,415.0,24.2,398.0,57.9,248.0,78.6,121.0,5.3,,33.9,388.0,6.6,,72.1,65.0,66.8,,40.9,
,,Universitas Indonesia,ID,Indonesia,XL,FC,VH,4,A,50.5,161.0,73.0,91.0,50.4,309.0,2.0,,75.8,249.0,4.8,,2.0,,58.7,103.0,42.3,,40.9,
,292.0,Massey University,NZ,New Zealand,M,CO,VH,4,A,30.4,286.0,16.0,528.0,43.2,364.0,22.7,520.0,98.2,111.0,97.9,64.0,65.2,215.0,44.9,157.0,94.7,,40.6,
,201.0,Rheinische Friedrich-Wilhelms-Universität Bonn,DE,Germany,L,FC,VH,5,A,52.4,151.0,19.8,458.0,58.0,247.0,22.1,526.0,41.5,397.0,37.5,365.0,90.7,79.0,25.9,319.0,35.2,399.0,40.6,
241.0,,Victoria University of Wellington,NZ,New Zealand,L,CO,VH,4,A,44.8,186.0,25.5,375.0,9.1,,32.3,418.0,99.5,88.0,34.6,382.0,38.1,393.0,47.0,149.0,93.6,66.0,40.5,
242.0,316.0,La Trobe University,AU,Australia,L,CO,VH,4,A,22.6,388.0,20.2,453.0,6.9,,77.5,124.0,94.4,156.0,98.4,57.0,45.8,337.0,14.3,591.0,28.9,,40.3,74.0
243.0,,Griffith University,AU,Australia,XL,FC,VH,4,A,26.5,332.0,16.2,526.0,7.5,,65.8,166.0,100.0,70.0,31.7,403.0,72.7,185.0,15.5,539.0,93.3,69.0,40.1,
244.0,305.0,University of Surrey,UK,United Kingdom,L,CO,VH,4,A,20.4,428.0,23.4,409.0,23.2,613.0,56.2,230.0,96.8,129.0,88.3,127.0,71.1,192.0,16.8,503.0,57.7,,39.9,61.0
245.0,,University of Massachusetts Amherst,US,United States,L,CO,VH,5,A,39.5,218.0,11.9,,10.7,,57.6,225.0,71.0,271.0,23.8,490.0,52.0,301.0,27.7,292.0,93.5,67.0,39.8,
,,Technical University of Darmstadt,DE,Germany,L,FO,VH,5,A,21.0,417.0,37.5,263.0,6.2,,79.0,117.0,62.6,310.0,74.6,188.0,32.5,439.0,33.5,229.0,19.9,,39.7,
,200.0,Technische Universität Dresden,DE,Germany,L,FC,VH,5,A,37.5,231.0,37.7,258.0,91.2,79.0,14.8,639.0,46.2,373.0,35.2,379.0,87.4,98.0,11.2,,30.7,,39.7,
,,Charles University,CZ,Czech Republic,XL,FC,VH,5,A,45.5,183.0,43.5,210.0,34.8,456.0,9.4,,24.8,539.0,51.2,283.0,90.9,77.0,27.6,294.0,83.9,125.0,39.6,
,280.0,University of Antwerp,BE,Belgium,L,FC,VH,2,A,23.7,362.0,11.8,,45.3,349.0,49.2,272.0,90.9,177.0,32.3,397.0,90.0,81.0,29.6,268.0,80.4,,39.6,
250.0,331.0,University of Waikato,NZ,New Zealand,M,CO,VH,4,A,18.4,484.0,13.2,,11.3,,75.0,128.0,99.3,91.0,73.3,192.0,17.5,568.0,44.5,162.0,79.8,,39.5,81.0
251.0,,The Hebrew University of Jerusalem,IL,Israel,L,FC,VH,5,A,34.3,252.0,29.1,334.0,81.2,135.0,22.5,521.0,54.7,338.0,16.0,600.0,37.1,400.0,77.7,54.0,50.9,,39.3,
252.0,,Politecnico di Torino,IT,Italy,XL,FO,VH,5,A,38.5,225.0,44.9,194.0,2.4,,57.9,222.0,4.1,,46.7,313.0,49.9,313.0,21.3,391.0,57.4,,39.2,
253.0,274.0,University of Porto,PT,Portugal,XL,FC,VH,5,A,39.8,214.0,22.9,414.0,11.1,,58.1,219.0,7.3,,18.7,564.0,93.8,60.0,17.6,473.0,77.3,,39.0,21.0
254.0,304.0,University of Macau,MO,Macau SAR,M,FO,VH,3,A,10.6,,14.2,575.0,12.2,,96.9,43.0,100.0,18.0,99.3,49.0,11.4,646.0,41.6,177.0,4.3,,38.9,50.0
255.0,176.0,Case Western Reserve University,US,United States,M,FC,VH,4,B,18.4,486.0,17.1,507.0,83.0,118.0,63.9,185.0,38.2,420.0,68.3,216.0,21.0,537.0,27.0,301.0,34.6,,38.8,-79.0
,,Harbin Institute of Technology,CN,China (Mainland),L,FO,VH,4,A,28.6,306.0,14.9,552.0,41.6,378.0,98.8,24.0,8.6,,8.4,,23.2,517.0,20.3,412.0,15.4,,38.7,
,278.0,Maastricht University ,NL,Netherlands,L,FO,VH,3,A,23.4,369.0,22.3,422.0,12.8,,62.7,193.0,99.5,90.0,100.0,17.0,46.5,333.0,27.0,302.0,13.7,,38.7,
,284.0,University of Canterbury | Te Whare Wānanga o Waitaha,NZ,New Zealand,L,CO,VH,4,A,33.8,257.0,33.1,299.0,10.9,,32.8,414.0,99.8,81.0,35.3,378.0,21.9,529.0,62.6,93.0,97.1,,38.7,
259.0,251.0,Vrije Universiteit Brussel (VUB),BE,Belgium,L,FC,VH,4,A,23.1,373.0,16.8,512.0,75.9,160.0,22.0,527.0,93.6,158.0,59.2,252.0,88.4,94.0,31.1,244.0,67.4,,38.6,-8.0
260.0,,University of Virginia,US,United States,L,FC,VH,5,A,35.6,243.0,32.0,307.0,56.9,257.0,34.1,401.0,7.9,,10.8,700.0,57.7,262.0,68.5,77.0,63.1,,38.5,
261.0,199.0,Vanderbilt University,US,United States,L,FC,VH,5,B,25.2,348.0,19.8,459.0,100.0,9.0,37.2,377.0,36.4,442.0,34.6,383.0,47.1,332.0,35.7,206.0,51.2,,38.4,-62.0
262.0,,University of Warsaw ,PL,Poland,XL,CO,VH,5,A,48.7,169.0,53.4,150.0,41.9,375.0,6.3,,9.8,,8.6,,62.1,233.0,36.7,204.0,80.0,,38.1,
263.0,231.0,Gadjah Mada University,ID,Indonesia,XL,FC,HI,4,A,51.7,152.0,66.5,118.0,54.4,282.0,1.7,,38.5,419.0,1.6,,2.1,,42.6,169.0,47.2,,38.0,-32.0
,,University of Colorado Boulder,US,United States,XL,CO,VH,5,A,36.9,237.0,13.5,596.0,33.2,480.0,49.4,269.0,27.1,508.0,5.5,,68.6,204.0,30.8,247.0,96.4,40.0,37.9,
,,University of Witwatersrand,ZA,South Africa,L,FC,VH,5,A,25.7,341.0,43.0,214.0,10.9,,27.7,453.0,79.9,229.0,7.5,,92.4,65.0,96.7,21.0,62.5,,37.9,
,,Ulsan National Institute of Science and Technology (UNIST),KR,South Korea,S,FO,VH,2,A,15.0,579.0,11.9,,84.1,114.0,98.6,25.0,41.5,399.0,10.9,692.0,1.2,,8.4,,1.8,,37.7,
,,University of Lisbon ,PT,Portugal,XL,FC,VH,5,A,42.2,201.0,21.0,442.0,12.7,,35.1,387.0,9.3,,30.7,415.0,97.4,27.0,65.8,85.0,66.5,,37.7,
,,Linköping University,SE,Sweden,L,CO,VH,3,A,19.0,470.0,26.6,363.0,34.8,457.0,48.8,277.0,77.8,239.0,30.3,420.0,57.9,260.0,34.7,221.0,87.4,,37.5,
,,"University of California, Irvine",US,United States,XL,FC,VH,4,A,37.6,230.0,16.6,517.0,14.6,,50.3,263.0,56.9,325.0,49.6,299.0,65.3,214.0,11.4,,58.6,,37.5,
,,University of Cologne,DE,Germany,L,FO,VH,5,A,36.9,235.0,38.5,253.0,19.3,686.0,31.2,427.0,40.5,406.0,30.9,413.0,80.9,141.0,37.0,199.0,57.4,,37.5,
271.0,,Indian Institute of Technology Kharagpur (IIT-KGP),IN,India,L,FO,VH,4,A,32.2,272.0,43.5,211.0,11.8,,85.8,90.0,3.1,,1.3,,10.7,659.0,21.5,388.0,18.0,,37.4,
,,Beijing Normal University ,CN,China (Mainland),L,CO,VH,5,A,38.4,227.0,6.8,,25.6,576.0,86.4,87.0,7.1,,23.3,496.0,22.8,520.0,12.2,,30.5,,37.3,
,279.0,University of Leicester,UK,United Kingdom,L,FC,VH,5,A,21.2,412.0,14.2,576.0,36.1,441.0,45.3,298.0,80.8,226.0,94.1,91.0,75.7,167.0,17.8,468.0,50.9,,37.3,
274.0,,North Carolina State University,US,United States,XL,CO,VH,5,A,27.8,315.0,25.0,384.0,8.9,,67.3,162.0,63.0,306.0,15.3,613.0,49.6,317.0,20.8,398.0,64.5,,37.2,
275.0,306.0,Huazhong University of Science and Technology,CN,China (Mainland),XL,FC,VH,4,A,22.7,384.0,29.2,332.0,10.0,,99.3,16.0,5.5,,3.2,,45.4,340.0,16.8,504.0,27.1,480.0,37.1,31.0
,324.0,University of Milan,IT,Italy,XL,FC,VH,4,A,51.2,159.0,12.7,,5.6,,47.8,284.0,7.5,,6.8,,59.0,255.0,24.2,345.0,92.1,,37.0,
,,University of Strathclyde,UK,United Kingdom,L,CO,VH,4,A,26.3,334.0,34.6,281.0,17.7,,33.7,405.0,93.3,161.0,67.0,222.0,61.6,235.0,24.0,353.0,59.2,,37.0,
,,Indian Institute of Technology Kanpur (IITK),IN,India,M,CO,VH,4,A,34.7,247.0,49.3,175.0,14.2,,75.5,126.0,2.1,,1.1,,3.3,,20.6,404.0,21.8,,36.9,
,,University of Miami,US,United States,L,FC,VH,4,B,20.1,435.0,44.7,198.0,76.8,155.0,19.2,565.0,84.2,215.0,22.8,502.0,55.0,283.0,37.0,198.0,50.6,,36.9,
280.0,,University of Navarra,ES,Spain,L,FC,HI,4,B,29.0,300.0,61.2,130.0,56.5,260.0,15.1,635.0,25.2,531.0,74.8,186.0,28.9,464.0,28.4,282.0,45.6,333.0,36.8,
,,Bandung Institute of Technology (ITB),ID,Indonesia,L,CO,VH,5,A,41.0,203.0,65.6,122.0,65.6,208.0,2.5,,84.4,213.0,2.3,,1.2,,35.7,209.0,21.2,,36.6,
,207.0,University of Bergen,NO,Norway,L,FC,VH,3,A,32.7,269.0,5.4,,67.1,197.0,31.2,426.0,92.3,171.0,14.3,635.0,69.3,200.0,23.6,358.0,57.7,,36.6,
283.0,,Stellenbosch University,ZA,South Africa,L,FC,VH,5,A,25.0,351.0,39.4,240.0,3.1,,59.9,206.0,20.0,591.0,7.8,,92.0,69.0,50.1,132.0,44.1,,36.5,
284.0,,Taylor's University,MY,Malaysia,S,FO,VH,2,C,24.0,358.0,82.8,67.0,63.3,225.0,8.5,,54.1,342.0,98.8,55.0,3.8,,10.5,,2.3,,36.2,
,250.0,Indian Institute of Technology Madras (IITM),IN,India,M,CO,VH,4,A,40.1,212.0,55.9,147.0,26.6,563.0,54.7,235.0,2.6,,1.4,,2.7,,26.0,317.0,6.5,,36.1,
,,Swinburne University of Technology,AU,Australia,L,CO,VH,3,A,13.4,,12.0,,11.0,,89.5,76.0,97.9,114.0,65.5,229.0,23.9,507.0,10.8,,25.8,487.0,36.1,
,,The University of Arizona,US,United States,XL,FC,VH,5,A,38.5,226.0,18.4,476.0,72.5,175.0,19.5,562.0,11.0,,9.3,,88.0,96.0,31.0,245.0,71.5,,36.1,
,307.0,Tianjin University,CN,China (Mainland),L,CO,VH,4,A,18.7,477.0,8.6,,34.7,461.0,98.2,31.0,24.3,544.0,27.4,446.0,18.6,555.0,24.0,351.0,25.6,488.0,36.1,
289.0,,University of Galway,IE,Ireland,L,FC,HI,5,A,26.3,335.0,28.2,341.0,61.2,230.0,13.5,666.0,92.3,170.0,39.3,348.0,45.7,338.0,30.7,249.0,90.6,,36.0,
290.0,,United Arab Emirates University,AE,United Arab Emirates,M,FC,VH,3,A,28.3,310.0,37.8,257.0,52.6,299.0,13.8,659.0,100.0,16.0,38.7,356.0,56.5,273.0,60.9,96.0,16.3,,35.9,
291.0,302.0,Xi’an Jiaotong University,CN,China (Mainland),XL,FC,VH,4,A,21.4,406.0,42.2,222.0,17.4,,80.9,106.0,4.4,,4.1,,36.8,403.0,20.8,397.0,34.6,,35.8,11.0
,,Norwegian University of Science And Technology,NO,Norway,XL,FC,VH,5,A,34.0,253.0,19.4,465.0,23.6,609.0,27.5,456.0,76.1,246.0,10.3,,88.9,91.0,51.0,129.0,65.7,,35.7,
,303.0,University College Cork,IE,Ireland,L,FC,VH,5,A,28.4,309.0,36.3,270.0,29.4,528.0,21.6,534.0,94.8,152.0,47.1,308.0,25.1,496.0,23.5,360.0,96.1,46.0,35.7,
294.0,,Université Grenoble Alpes,FR,France,XL,FC,VH,1,A,44.5,188.0,10.1,,7.8,,48.8,276.0,18.4,611.0,34.9,380.0,92.6,64.0,14.2,596.0,40.8,,35.6,
,,Hong Kong Baptist University,HK,Hong Kong SAR,M,CO,VH,3,A,19.4,458.0,12.6,,56.0,265.0,51.9,249.0,97.8,118.0,100.0,20.0,2.6,,15.1,557.0,17.2,,35.4,
,342.0,University of East Anglia (UEA),UK,United Kingdom,L,FC,VH,4,A,19.2,466.0,8.5,,16.8,,66.0,164.0,68.0,287.0,38.2,360.0,64.8,218.0,12.7,678.0,84.3,,35.4,
297.0,,Georgetown University,US,United States,L,FC,VH,5,B,30.3,288.0,34.4,285.0,59.0,242.0,18.6,574.0,17.0,629.0,39.8,344.0,14.4,606.0,87.8,43.0,66.8,,35.3,
298.0,,Dalhousie University,CA,Canada,L,FC,VH,5,A,19.2,465.0,18.0,488.0,16.0,,41.8,323.0,99.0,97.0,74.7,187.0,37.2,399.0,21.6,385.0,94.4,,34.9,
299.0,,Rutgers University–New Brunswick,US,United States,XL,CO,VH,5,A,36.9,234.0,24.7,386.0,48.7,324.0,18.1,583.0,18.9,602.0,32.8,395.0,59.7,245.0,20.7,403.0,95.9,47.0,34.8,
300.0,,UCSI University,MY,Malaysia,M,CO,HI,2,C,22.5,392.0,58.4,140.0,72.6,174.0,3.2,,83.7,219.0,98.0,63.0,1.3,,15.8,528.0,24.6,,34.7,
301.0,,Southern University of Science and Technology,CN,China (Mainland),M,FO,VH,2,A,9.1,,2.1,,94.6,64.0,95.0,53.0,37.2,434.0,1.5,,6.8,,7.4,,6.9,,34.6,
,,Goethe-University Frankfurt am Main,DE,Germany,XL,FC,VH,5,A,44.4,189.0,29.1,335.0,21.4,638.0,21.3,539.0,41.3,402.0,25.6,468.0,82.1,134.0,11.5,,46.6,,34.5,
,,Virginia Polytechnic Institute and State University,US,United States,XL,FC,VH,5,A,26.2,337.0,40.4,232.0,18.7,,34.8,389.0,71.7,267.0,17.9,577.0,70.0,197.0,20.7,402.0,52.8,,34.5,
,,Jagiellonian University,PL,Poland,XL,FC,VH,5,A,37.3,233.0,47.2,188.0,65.1,210.0,6.2,,4.9,,13.4,655.0,59.4,248.0,27.9,289.0,57.7,,34.3,
,,University of Notre Dame,US,United States,L,CO,VH,5,B,26.5,331.0,32.2,306.0,59.7,238.0,39.1,350.0,23.3,561.0,17.7,578.0,32.0,449.0,45.2,155.0,34.6,,34.3,
306.0,,University of Johannesburg,ZA,South Africa,L,CO,VH,2,A,16.2,540.0,21.4,434.0,36.8,430.0,20.7,549.0,96.3,135.0,50.6,286.0,96.9,32.0,43.6,165.0,73.6,,34.0,
307.0,,Daegu Gyeongbuk Institute of Science and Technology (DGIST),KR,South Korea,S,FO,VH,2,A,10.4,,7.5,,89.0,90.0,100.0,7.0,5.3,,3.7,,1.0,,4.7,,,,34.0,
,,Swansea University,UK,United Kingdom,L,FC,HI,5,A,21.0,418.0,45.0,193.0,23.6,608.0,27.4,460.0,73.1,261.0,54.1,271.0,59.0,254.0,10.6,,61.0,248.0,33.9,
,361.0,Universiti Teknologi PETRONAS (UTP),MY,Malaysia,S,SP,,3,B,18.2,491.0,31.6,313.0,34.6,463.0,65.7,167.0,85.2,207.0,18.5,567.0,24.2,505.0,9.9,,2.9,,33.9,
,,University of Tasmania,AU,Australia,M,CO,VH,5,A,17.2,520.0,7.8,,17.7,,58.1,220.0,75.1,254.0,95.8,84.0,48.8,320.0,14.8,562.0,47.2,,33.9,
,,Hamad Bin Khalifa University,QA,Qatar,S,FO,VH,3,A,11.5,,3.9,,100.0,4.0,88.6,79.0,,,,,28.1,469.0,10.3,,,,33.8,
,,Universitat Pompeu Fabra (Barcelona),ES,Spain,M,FO,VH,3,A,30.9,282.0,22.8,417.0,13.1,,55.6,232.0,77.9,238.0,26.6,455.0,38.4,389.0,15.3,551.0,13.2,633.0,33.8,
312.0,,Universität Stuttgart,DE,Germany,L,CO,VH,5,A,23.7,361.0,27.2,357.0,6.1,,64.8,177.0,37.4,430.0,49.8,296.0,36.5,405.0,19.4,430.0,33.8,,33.7,
,339.0,Indiana University Bloomington,US,United States,XL,FC,VH,5,A,35.1,246.0,24.4,397.0,30.5,514.0,21.6,533.0,40.5,409.0,12.7,667.0,68.5,205.0,52.2,122.0,62.5,,33.5,
,,University of Oulu,FI,Finland,M,FC,VH,4,A,15.8,553.0,17.3,502.0,26.4,564.0,56.9,228.0,52.5,348.0,9.4,,75.4,168.0,16.6,511.0,88.4,,33.5,
,,Quaid-i-Azam University,PK,Pakistan,M,CO,VH,4,A,15.8,552.0,40.3,234.0,2.8,,97.0,40.0,3.4,,1.4,,23.0,519.0,5.8,,23.0,,33.4,
,,Saint Petersburg State University,RU,Russia,L,FC,VH,5,A,40.8,207.0,24.0,403.0,61.6,228.0,5.1,,5.2,,41.7,335.0,69.5,198.0,52.8,120.0,36.1,,33.4,
,291.0,University of Turku,FI,Finland,L,FC,VH,5,A,28.3,311.0,21.1,440.0,52.3,302.0,32.4,417.0,27.2,505.0,4.3,,62.9,227.0,27.8,291.0,77.7,,33.4,
318.0,,Simon Fraser University,CA,Canada,L,CO,VH,4,A,25.5,343.0,13.5,600.0,5.7,,42.5,315.0,96.8,128.0,86.3,139.0,34.5,423.0,17.6,474.0,54.3,,33.3,
,230.0,Bauman Moscow State Technical University,RU,Russia,L,CO,VH,5,A,31.3,279.0,44.4,202.0,100.0,18.0,1.4,,53.6,343.0,58.9,256.0,1.0,,12.2,,10.5,,33.2,
,259.0,Sciences Po ,FR,France,L,SP,,5,A,17.7,502.0,27.6,353.0,88.0,94.0,3.2,,54.9,337.0,97.1,73.0,1.4,,76.3,55.0,54.6,,33.2,
,,Universidad Carlos III de Madrid (UC3M),ES,Spain,L,FO,VH,3,A,32.9,265.0,49.1,177.0,53.3,290.0,4.8,,56.5,328.0,41.2,337.0,18.5,556.0,12.9,668.0,62.5,,33.2,
322.0,,University of Victoria (UVic),CA,Canada,L,CO,VH,4,A,17.3,514.0,7.6,,3.5,,65.0,174.0,95.2,149.0,48.6,304.0,19.0,551.0,12.2,,89.8,94.0,33.0,
,,Sun Yat-sen University,CN,China (Mainland),XL,FC,VH,4,A,36.4,238.0,22.3,423.0,48.8,321.0,44.1,304.0,2.4,,4.2,,33.3,429.0,16.7,508.0,38.4,,32.8,
,,University of Illinois at Chicago (UIC),US,United States,XL,FC,VH,5,A,40.9,206.0,23.5,408.0,31.6,497.0,26.2,469.0,8.5,,17.0,586.0,50.1,312.0,31.5,242.0,62.8,,32.8,
,,University of Pretoria,ZA,South Africa,XL,FC,VH,5,A,23.6,365.0,52.3,155.0,3.5,,20.7,550.0,25.0,535.0,6.4,,97.6,26.0,58.4,104.0,78.4,,32.8,
,,University of South Australia,AU,Australia,L,CO,VH,3,A,22.5,390.0,14.0,580.0,22.4,625.0,32.8,415.0,99.8,80.0,45.1,322.0,58.6,256.0,15.4,544.0,81.7,,32.7,
,,University of Southern Denmark (SDU),DK,Denmark,L,CO,VH,4,A,20.0,441.0,18.0,485.0,27.1,558.0,40.7,337.0,83.2,220.0,22.7,503.0,49.7,315.0,17.7,469.0,88.7,100.0,32.7,
,,"City, University of London",UK,United Kingdom,L,CO,VH,5,A,21.4,405.0,18.1,483.0,6.7,,42.2,321.0,95.0,151.0,99.3,46.0,22.1,527.0,28.3,284.0,41.7,356.0,32.6,
,,Gwangju Institute of Science and Technology (GIST),KR,South Korea,S,FO,VH,3,A,17.4,513.0,8.9,,38.4,411.0,100.0,5.0,21.6,577.0,10.0,,1.3,,8.1,,2.1,,32.6,
,,Université Paris 1 Panthéon-Sorbonne ,FR,France,XL,FO,VH,5,A,65.2,104.0,24.9,385.0,4.2,,3.4,,38.2,421.0,46.4,314.0,30.0,458.0,32.2,238.0,16.3,,32.6,
,,USI - Università della Svizzera italiana,CH,Switzerland,S,FO,VH,3,A,5.8,,3.9,,82.9,120.0,56.4,229.0,100.0,23.0,100.0,11.0,4.2,,7.9,,1.2,,32.6,
,,Kyung Hee University,KR,South Korea,L,FC,VH,4,B,28.0,312.0,41.6,224.0,84.8,106.0,14.0,657.0,14.2,684.0,54.0,272.0,16.7,577.0,12.1,,33.5,,32.5,
,,"University of California, Santa Cruz",US,United States,L,CO,VH,4,A,18.4,487.0,4.9,,7.2,,79.6,111.0,63.6,304.0,8.9,,19.3,547.0,10.7,,89.1,,32.5,
334.0,,Sharif University of Technology,IR,"Iran, Islamic Republic of",M,FO,VH,4,A,10.1,,43.8,207.0,6.1,,99.1,19.0,7.3,,1.3,,9.7,675.0,25.7,321.0,1.9,,32.4,
335.0,,University of Naples - Federico II,IT,Italy,XL,FC,VH,5,A,35.2,245.0,17.0,508.0,4.3,,61.8,197.0,2.4,,1.1,,81.6,137.0,7.1,,34.6,,32.3,
,330.0,Aalborg University,DK,Denmark,L,FC,VH,3,A,20.0,442.0,22.2,424.0,31.5,500.0,42.4,317.0,76.4,244.0,18.2,570.0,79.2,151.0,14.7,569.0,35.8,,32.2,
,,Middle East Technical University,TR,Turkey,L,CO,VH,4,A,29.0,299.0,63.7,125.0,9.0,,22.2,525.0,11.3,,17.4,583.0,32.2,443.0,24.6,339.0,84.8,,32.2,
,,Pontificia Universidad Católica del Perú,PE,Peru,L,FO,VH,5,B,46.3,177.0,77.1,75.0,25.9,572.0,1.8,,3.9,,1.4,,2.5,,35.2,214.0,31.3,,32.2,
,,University of Kent,UK,United Kingdom,L,CO,VH,4,A,17.0,522.0,6.7,,13.3,,43.9,306.0,96.6,133.0,72.8,195.0,43.0,354.0,20.2,413.0,85.2,,32.2,
,,Beijing Institute of Technology,CN,China (Mainland),L,FO,VH,4,A,22.7,385.0,18.1,484.0,41.1,381.0,76.4,125.0,3.1,,4.2,,17.1,572.0,14.1,599.0,23.7,,32.1,
,362.0,George Washington University,US,United States,L,FC,VH,5,B,26.9,323.0,24.5,393.0,28.3,541.0,29.3,439.0,31.6,478.0,27.6,444.0,61.0,239.0,49.5,135.0,62.8,,32.1,
342.0,295.0,RUDN University,RU,Russia,L,FC,VH,4,A,22.4,395.0,45.0,192.0,92.2,74.0,2.0,,8.2,,92.7,103.0,60.1,242.0,12.2,,4.4,,32.0,-47.0
343.0,,Brunel University London,UK,United Kingdom,L,CO,VH,4,A,11.3,,13.3,,7.9,,44.2,303.0,99.7,84.0,99.6,39.0,56.9,269.0,18.5,450.0,62.8,,31.9,
344.0,,University of Aveiro,PT,Portugal,L,CO,VH,4,A,13.4,,6.6,,13.8,,84.3,98.0,4.3,,13.5,651.0,72.3,188.0,6.7,,69.3,,31.6,
,,Airlangga University,ID,Indonesia,L,FC,HI,4,A,34.0,254.0,72.5,95.0,52.4,301.0,1.4,,44.6,379.0,6.3,,1.4,,14.4,582.0,30.5,,31.5,
,,University of Saskatchewan,CA,Canada,L,FC,VH,5,A,12.0,,6.8,,17.3,,54.3,237.0,70.0,279.0,51.8,280.0,47.2,331.0,20.9,396.0,94.9,56.0,31.5,
,,National Technical University of Athens,GR,Greece,L,FO,VH,5,A,20.5,425.0,42.7,215.0,4.7,,72.3,137.0,1.3,,4.3,,32.0,447.0,31.8,240.0,7.8,,31.4,
,,Pontificia Universidad Javeriana,CO,Colombia,L,FC,HI,5,B,43.2,198.0,72.7,94.0,22.9,619.0,1.7,,4.0,,2.7,,4.2,,57.3,107.0,29.1,,31.4,
,,Universidad Politécnica de Madrid (UPM),ES,Spain,XL,SP,,4,A,31.2,280.0,49.3,176.0,14.9,,11.4,,3.2,,30.7,416.0,59.9,243.0,37.3,196.0,83.5,,31.3,
,404.0,University of Pisa,IT,Italy,L,FC,VH,5,A,40.4,211.0,12.7,,7.5,,41.1,333.0,5.9,,4.1,,67.6,209.0,13.4,642.0,73.6,,31.3,
,,Lappeenranta-Lahti University of Technology LUT,FI,Finland,S,SP,,4,A,6.9,,13.3,,11.1,,97.7,36.0,45.2,378.0,18.2,573.0,14.7,599.0,11.4,,39.0,,31.2,
,,University of Coimbra,PT,Portugal,L,FC,VH,5,A,28.9,304.0,13.1,,11.3,,41.6,329.0,10.7,,37.7,364.0,78.8,153.0,15.6,537.0,79.5,154.0,31.2,
353.0,456.0,York University,CA,Canada,XL,CO,VH,4,A,23.0,377.0,21.0,441.0,4.6,,29.2,440.0,50.6,356.0,81.2,157.0,28.0,471.0,53.2,119.0,80.8,144.0,31.1,103.0
354.0,,Universitat Politècnica de Catalunya · BarcelonaTech (UPC),ES,Spain,L,FO,VH,4,A,31.9,274.0,22.0,426.0,41.2,380.0,22.3,524.0,8.0,,21.2,532.0,72.8,183.0,15.1,556.0,73.3,186.0,31.0,
,277.0,L.N. Gumilyov Eurasian National University (ENU),KZ,Kazakhstan,L,FO,VH,3,A,29.5,293.0,51.7,157.0,96.8,53.0,1.4,,59.3,319.0,5.7,,1.1,,10.9,,9.6,,30.9,
,,Sichuan University,CN,China (Mainland),XL,FC,VH,3,A,20.1,436.0,7.6,,11.4,,94.7,55.0,6.6,,5.4,,26.2,490.0,14.8,564.0,18.8,,30.9,
,,University of Tsukuba,JP,Japan,L,FC,VH,4,A,35.8,242.0,24.0,402.0,59.0,243.0,19.0,569.0,13.8,691.0,21.2,529.0,31.7,450.0,11.5,,57.7,,30.9,
,460.0,University of Florence,IT,Italy,XL,FC,VH,5,A,33.6,259.0,5.7,,4.1,,49.6,266.0,8.1,,10.7,,73.0,181.0,17.4,476.0,81.1,,30.8,
,,University of Tartu,EE,Estonia,M,FC,VH,5,A,24.4,355.0,9.0,,91.5,78.0,11.5,,46.5,372.0,22.2,513.0,73.7,177.0,42.1,171.0,27.6,,30.8,
,,Shandong University,CN,China (Mainland),XL,FC,VH,4,A,15.6,558.0,31.8,310.0,17.6,,78.7,118.0,8.8,,3.4,,16.3,580.0,17.4,480.0,28.4,,30.7,
,,University of Tehran,IR,"Iran, Islamic Republic of",XL,CO,VH,4,A,18.7,476.0,38.8,249.0,3.4,,67.5,159.0,2.1,,1.8,,68.6,203.0,17.5,475.0,18.4,,30.7,
,368.0,Lincoln University ,NZ,New Zealand,S,CO,VH,3,A,7.9,,5.3,,39.9,393.0,51.5,253.0,100.0,62.0,91.0,113.0,1.2,,31.7,241.0,37.8,,30.6,
,,Universität Innsbruck,AT,Austria,L,FC,HI,5,A,20.2,433.0,7.0,,69.2,187.0,11.2,,100.0,65.0,100.0,27.0,32.9,434.0,35.7,208.0,16.5,,30.6,
,,American University of Sharjah,AE,United Arab Emirates,S,CO,VH,3,B,20.0,438.0,39.1,243.0,20.7,653.0,20.0,559.0,100.0,2.0,100.0,6.0,6.4,,36.9,202.0,3.0,,30.3,
,,Indian Institute of Technology Guwahati (IITG),IN,India,M,CO,VH,3,A,17.0,523.0,25.2,381.0,7.7,,98.1,32.0,3.0,,1.3,,5.8,,5.5,,4.4,,30.3,
,,University of Turin,IT,Italy,XL,FC,VH,5,A,39.8,213.0,5.7,,2.9,,36.8,380.0,4.6,,5.4,,69.4,199.0,32.5,236.0,84.3,,30.3,
367.0,334.0,National University of Sciences And Technology (NUST) Islamabad,PK,Pakistan,M,CO,VH,3,A,18.9,472.0,72.7,93.0,77.4,151.0,11.7,,2.6,,3.9,,23.5,512.0,9.0,,30.7,,30.2,-33.0
368.0,,University of Cyprus (UCY),CY,Cyprus,M,CO,VH,3,A,8.9,,3.1,,4.9,,77.8,123.0,92.9,165.0,25.4,471.0,55.9,279.0,18.6,448.0,24.4,,30.1,
,,Indian Institute of Technology Roorkee (IITR),IN,India,M,FO,VH,5,A,17.8,500.0,22.5,421.0,7.8,,91.2,72.0,1.3,,2.2,,3.6,,10.5,,27.6,,30.0,
,,Yeshiva University,US,United States,M,FC,VH,5,B,2.8,,3.3,,75.0,167.0,99.7,14.0,,,8.9,,3.6,,10.4,,1.3,,30.0,
,,Cairo University,EG,Egypt,XL,FC,VH,5,A,43.7,193.0,33.2,297.0,8.0,,2.8,,2.7,,6.2,,48.7,321.0,72.5,63.0,78.6,157.0,29.9,
,,Tilburg University,NL,Netherlands,L,FO,VH,4,A,15.2,573.0,33.4,294.0,10.4,,44.2,302.0,96.6,131.0,58.4,259.0,9.4,683.0,14.1,602.0,31.0,,29.9,
,333.0,Universidade Federal do Rio de Janeiro,BR,Brazil,XL,FC,VH,5,A,60.1,119.0,17.0,509.0,15.4,,8.3,,7.9,,1.6,,51.7,302.0,36.8,203.0,23.0,,29.9,
374.0,,"Birkbeck, University of London",UK,United Kingdom,M,FO,VH,5,A,10.8,,3.5,,14.1,,65.1,172.0,97.5,123.0,98.0,62.0,9.1,692.0,12.3,,12.0,,29.7,
,, Western Sydney University,AU,Australia,XL,FC,HI,3,A,18.4,483.0,15.0,546.0,4.5,,29.5,437.0,100.0,48.0,39.2,351.0,68.3,206.0,10.3,,90.4,,29.5,
,,Amirkabir University of Technology,IR,"Iran, Islamic Republic of",M,FO,VH,4,A,4.1,,33.4,295.0,5.1,,99.8,13.0,15.9,652.0,2.8,,9.5,681.0,10.3,,16.5,,29.5,
,,Northeastern University,US,United States,L,CO,VH,5,B,19.4,463.0,9.5,,19.1,691.0,24.2,497.0,60.2,316.0,94.3,90.0,33.2,433.0,35.4,211.0,87.3,112.0,29.5,
,,Ruhr-Universität Bochum,DE,Germany,XL,FC,VH,4,A,21.2,411.0,11.0,,2.3,,59.7,208.0,61.1,314.0,29.6,425.0,62.3,231.0,14.7,570.0,18.0,,29.5,
379.0,,Tufts University,US,United States,L,FC,VH,5,B,18.1,497.0,5.3,,56.2,263.0,42.9,312.0,25.2,532.0,36.2,374.0,18.9,552.0,47.7,143.0,50.9,,29.4,
380.0,,Flinders University,AU,Australia,L,FC,VH,4,A,13.3,,6.7,,6.5,,42.6,313.0,97.0,127.0,89.5,119.0,38.9,385.0,10.5,,64.8,,29.2,
381.0,,University of Luxembourg,LU,Luxembourg,M,CO,VH,2,,9.1,,4.9,,77.2,152.0,28.6,447.0,100.0,14.0,100.0,24.0,18.4,557.0,25.6,323.0,,,29.1,
,,Mahidol University,TH,Thailand,L,FC,VH,4,A,42.4,200.0,30.3,322.0,77.7,147.0,4.7,,6.0,,5.1,,10.3,666.0,11.0,,27.6,,29.0,
,,Université de Montpellier,FR,France,XL,FO,VH,5,A,19.4,461.0,3.4,,8.9,,57.6,224.0,23.9,550.0,32.3,398.0,99.8,9.0,10.7,,38.7,,29.0,
,,Nankai University,CN,China (Mainland),XL,FC,VH,4,A,21.1,414.0,8.6,,29.5,526.0,73.9,132.0,11.2,,3.5,,8.1,,18.9,440.0,22.5,,28.6,
,,Westfälische Wilhelms-Universität Münster ,DE,Germany,L,FC,VH,5,A,31.5,278.0,24.6,389.0,55.3,271.0,12.5,688.0,30.3,489.0,4.9,,59.1,252.0,26.1,314.0,27.6,,28.6,
386.0,,University of Hawaiʻi at Mānoa,US,United States,L,FC,VH,5,A,16.1,543.0,8.5,,36.8,429.0,48.6,279.0,53.0,345.0,12.9,664.0,53.7,293.0,10.7,,47.5,,28.4,
,,Aix-Marseille University,FR,France,XL,FC,VH,5,A,36.1,241.0,4.5,,8.3,,26.5,468.0,18.5,609.0,19.9,549.0,99.4,13.0,11.3,,64.5,,28.3,
,,Belarusian State University,BY,Belarus,L,FO,VH,5,A,26.6,327.0,42.5,219.0,95.3,61.0,1.3,,4.1,,49.9,294.0,3.4,,24.5,341.0,1.4,,28.3,
,,Concordia University,CA,Canada,XL,CO,VH,3,A,15.0,580.0,15.2,544.0,3.0,,23.7,504.0,80.3,227.0,89.3,122.0,40.4,373.0,30.2,254.0,88.8,,28.3,
,327.0,National Taiwan University of Science and Technology (Taiwan Tech),TW,Taiwan,M,FO,VH,3,A,27.1,321.0,37.8,256.0,43.6,360.0,27.0,463.0,17.5,622.0,31.1,410.0,1.9,,18.5,451.0,26.6,,28.3,
,,Universiti Brunei Darussalam (UBD),BN,Brunei,S,CO,VH,3,A,21.0,420.0,5.5,,96.3,54.0,8.2,,100.0,47.0,65.1,231.0,2.3,,27.4,296.0,4.0,,28.3,
,,Institut National des Sciences Appliquées de Lyon (INSA),FR,France,M,FO,VH,4,A,7.8,,29.4,331.0,37.1,425.0,50.8,258.0,29.4,492.0,69.3,213.0,18.8,553.0,12.8,674.0,20.5,,28.2,
,,South China University of Technology,CN,China (Mainland),XL,CO,VH,3,A,12.5,,4.2,,19.0,694.0,95.4,50.0,10.4,,4.5,,9.7,674.0,21.9,380.0,10.2,,28.2,
,,Technion - Israel Institute of Technology,IL,Israel,L,FC,VH,5,A,25.4,345.0,27.8,347.0,43.9,358.0,25.4,479.0,64.8,296.0,4.6,,12.8,628.0,30.7,250.0,26.1,,28.2,
,,Xiamen University,CN,China (Mainland),XL,FC,VH,4,A,25.9,340.0,11.6,,20.0,664.0,65.3,170.0,5.4,,3.4,,25.4,494.0,21.5,387.0,17.1,,28.2,
,,Justus-Liebig-University Giessen,DE,Germany,L,FC,VH,5,A,13.6,,6.1,,1.7,,85.7,92.0,12.1,,18.9,561.0,63.8,221.0,9.5,,11.1,655.0,28.1,
,322.0,Kazan (Volga region) Federal University,RU,Russia,L,FC,VH,5,A,22.7,387.0,7.6,,93.7,68.0,2.8,,10.5,,96.1,82.0,61.7,234.0,11.2,,24.4,,28.1,
,,"Stony Brook University, State University of New York",US,United States,L,FC,VH,4,A,18.9,473.0,7.6,,30.4,517.0,31.8,424.0,45.2,376.0,51.0,285.0,34.4,424.0,18.5,449.0,88.8,,28.1,
399.0,,HSE University,RU,Russia,XL,FO,VH,3,A,27.3,318.0,31.9,308.0,90.7,82.0,1.9,,6.3,,16.1,597.0,71.1,191.0,13.4,639.0,5.1,,28.0,
,,Iowa State University,US,United States,L,CO,VH,5,A,20.0,440.0,13.5,597.0,8.4,,58.7,217.0,4.6,,11.1,690.0,50.9,307.0,27.2,300.0,51.8,,27.9,
,,Masaryk University,CZ,Czech Republic,XL,CO,VH,5,A,23.2,371.0,32.2,305.0,10.4,,15.2,628.0,31.0,481.0,68.7,215.0,56.2,276.0,14.6,575.0,69.9,,27.9,
,,Universidade Nova de Lisboa,PT,Portugal,L,FC,VH,4,A,28.0,313.0,20.2,452.0,19.6,679.0,24.2,498.0,24.0,548.0,47.0,309.0,63.5,224.0,18.8,444.0,40.2,,27.9,
403.0,,University of Granada,ES,Spain,XL,FC,VH,5,A,44.0,192.0,9.8,,5.6,,23.3,509.0,3.4,,16.1,598.0,96.8,34.0,5.1,,36.1,,27.8,
,,Istanbul Technical University,TR,Turkey,L,FO,VH,5,A,24.2,357.0,60.4,131.0,12.1,,13.3,674.0,7.3,,18.3,569.0,37.2,398.0,23.0,365.0,63.1,,27.6,
,453.0,"University of California, Riverside",US,United States,L,FC,VH,4,A,17.5,505.0,7.0,,6.7,,59.9,207.0,63.0,307.0,9.1,,45.1,346.0,10.0,,46.6,,27.6,
,,University of the Philippines,PH,Philippines,XL,FC,HI,5,A,34.4,250.0,58.9,136.0,38.0,415.0,1.9,,1.6,,1.1,,9.3,685.0,35.3,213.0,38.7,,27.6,
,,Auckland University of Technology (AUT),NZ,New Zealand,L,CO,VH,2,A,19.3,464.0,11.7,,10.3,,18.5,575.0,100.0,59.0,99.3,48.0,12.0,635.0,19.3,433.0,71.5,,27.4,
,,University of Delhi,IN,India,L,FC,VH,5,A,36.1,240.0,28.2,344.0,3.9,,22.5,522.0,1.4,,1.7,,24.7,502.0,91.4,34.0,31.0,,27.4,
409.0,,Colorado State University,US,United States,L,CO,VH,5,A,18.8,475.0,18.2,482.0,56.8,258.0,20.3,553.0,12.3,,4.2,,54.9,285.0,15.0,559.0,97.7,29.0,27.3,
,,Universidad de Santiago de Chile (USACH),CL,Chile,L,FC,HI,5,A,43.3,197.0,72.9,92.0,8.7,,4.0,,6.6,,2.2,,7.3,,4.0,,12.9,635.0,27.2,
,,University of Kansas,US,United States,L,FC,VH,5,A,15.1,577.0,13.3,,83.6,116.0,9.0,,72.6,263.0,7.8,,35.7,414.0,23.5,359.0,71.8,,27.2,
,,University of Southern Queensland ,AU,Australia,M,CO,VH,3,A,8.5,,6.8,,4.5,,59.6,209.0,76.1,245.0,26.3,462.0,60.6,240.0,12.0,,51.2,,27.2,
,,Oxford Brookes University,UK,United Kingdom,L,CO,HI,3,A,28.9,301.0,29.7,329.0,13.8,,8.4,,68.8,282.0,70.3,209.0,27.1,481.0,18.4,454.0,34.3,,27.1,
,,Royal Holloway University of London,UK,United Kingdom,M,CO,VH,5,A,16.0,546.0,5.7,,13.7,,36.3,384.0,94.4,155.0,88.7,125.0,23.7,511.0,11.1,,38.1,,27.1,
,,James Cook University,AU,Australia,M,FC,VH,4,A,15.4,567.0,8.7,,14.1,,51.1,255.0,42.0,393.0,13.5,650.0,42.5,359.0,9.0,,83.3,131.0,27.0,
,,Moscow Institute of Physics and Technology (MIPT / Moscow Phystech),RU,Russia,M,FO,VH,4,A,19.8,446.0,19.9,455.0,96.0,57.0,16.0,620.0,31.4,480.0,53.1,273.0,5.4,,15.7,534.0,1.2,,27.0,
,,The American University in Cairo,EG,Egypt,M,CO,HI,5,B,30.3,287.0,23.8,405.0,42.8,368.0,4.6,,97.9,115.0,3.9,,1.4,,63.3,92.0,16.3,,27.0,
418.0,,Tomsk State University,RU,Russia,M,CO,VH,5,A,23.1,376.0,10.9,,99.4,32.0,5.1,,23.7,555.0,91.5,109.0,23.4,514.0,7.3,,3.0,,26.9,
,,UNESP,BR,Brazil,XL,FC,VH,3,A,39.3,219.0,34.6,282.0,15.0,,16.2,614.0,6.2,,2.8,,34.5,422.0,5.7,,53.7,287.0,26.8,
,,Washington State University,US,United States,L,FC,VH,5,A,24.4,354.0,17.9,489.0,16.2,,35.4,386.0,50.0,358.0,5.5,,46.5,335.0,11.1,,49.7,,26.8,
,,Graz University of Technology,AT,Austria,M,FO,VH,5,A,14.5,595.0,11.0,,99.5,31.0,13.6,664.0,75.0,255.0,58.8,258.0,10.4,664.0,13.6,629.0,4.2,,26.7,
,,Novosibirsk State University,RU,Russia,M,CO,VH,4,A,27.5,317.0,14.4,572.0,93.5,69.0,12.6,685.0,6.7,,56.3,264.0,5.3,,12.9,667.0,6.8,,26.7,
,,Université de Liège,BE,Belgium,L,FC,VH,5,A,18.1,495.0,16.3,524.0,12.9,,27.2,461.0,50.7,355.0,48.5,306.0,79.3,149.0,16.2,516.0,47.8,,26.7,
,,Université de Strasbourg,FR,France,XL,FC,VH,5,A,39.6,216.0,7.9,,5.3,,23.1,512.0,35.6,449.0,38.6,357.0,70.2,194.0,10.9,,14.9,,26.7,
,,University of Canberra ,AU,Australia,M,CO,VH,3,A,13.7,,7.3,,2.3,,51.7,251.0,87.0,199.0,58.9,255.0,8.9,700.0,9.8,,55.2,,26.7,
426.0,,University of Limerick,IE,Ireland,L,FC,HI,4,A,17.5,507.0,29.1,337.0,14.0,,21.9,529.0,88.4,190.0,28.6,434.0,34.6,421.0,13.9,614.0,58.9,254.0,26.6,
427.0,,Anna University,IN,India,L,FO,VH,3,A,8.5,,8.5,,5.3,,99.8,12.0,,,1.5,,33.8,427.0,9.8,,,,26.5,
428.0,,IE University,ES,Spain,M,FO,HI,2,C,7.0,,40.9,230.0,56.2,262.0,2.6,,94.6,154.0,100.0,4.0,1.0,,39.4,183.0,6.0,,26.4,
,,Singapore University of Technology and Design,SG,Singapore,S,SP,,2,,7.0,,5.8,,99.2,34.0,64.6,180.0,,,,,3.1,,7.5,,,,26.3,
,,University of Trento,IT,Italy,L,CO,VH,4,A,24.6,352.0,8.9,,19.3,685.0,44.0,305.0,26.9,509.0,6.2,,61.0,238.0,9.3,,34.9,,26.3,
,,Koç University,TR,Turkey,M,FC,HI,3,B,22.4,393.0,47.3,187.0,24.0,591.0,28.6,448.0,27.3,504.0,11.2,687.0,6.4,,11.0,,29.9,,26.2,
,,Murdoch University,AU,Australia,M,CO,VH,3,A,7.3,,5.3,,5.4,,53.1,242.0,86.3,200.0,76.6,178.0,40.1,378.0,14.2,593.0,23.7,,26.2,
,,National Taipei University of Technology,TW,Taiwan,M,FO,VH,3,A,15.0,584.0,57.7,144.0,27.0,560.0,34.3,398.0,21.1,582.0,18.2,571.0,1.3,,17.3,485.0,12.6,638.0,26.2,
,332.0,National Taiwan Normal University,TW,Taiwan,M,CO,VH,4,A,34.5,248.0,20.8,448.0,65.4,209.0,5.9,,14.5,674.0,26.7,452.0,1.5,,14.7,571.0,43.2,344.0,26.2,
,,University of Stirling,UK,United Kingdom,M,CO,VH,4,A,11.5,,10.2,,10.5,,34.7,391.0,71.9,266.0,83.5,149.0,14.4,607.0,14.8,566.0,79.8,,26.2,
,,Dublin City University,IE,Ireland,L,FC,HI,3,A,19.7,452.0,27.0,360.0,25.6,575.0,12.4,690.0,76.0,248.0,19.3,557.0,19.3,548.0,24.8,334.0,81.7,,26.0,
,,Sejong University ,KR,South Korea,L,CO,VH,3,B,13.8,,17.3,504.0,14.7,,65.5,169.0,24.6,542.0,26.7,451.0,29.2,462.0,5.7,,8.7,,26.0,
,415.0,Tampere University,FI,Finland,L,FC,VH,1,A,22.5,391.0,19.5,463.0,23.9,595.0,31.8,422.0,32.0,473.0,6.4,,56.4,275.0,20.6,406.0,37.2,387.0,26.0,
,,University of Science and Technology Beijing,CN,China (Mainland),L,CO,VH,3,A,12.6,,3.0,,10.7,,97.3,39.0,3.3,,3.0,,9.2,691.0,6.2,,3.3,,26.0,
,,University of St.Gallen (HSG),CH,Switzerland,M,SP,,5,A,9.0,,27.6,350.0,6.2,,22.8,515.0,100.0,52.0,83.1,150.0,1.0,,94.8,26.0,1.6,,26.0,
440.0,,Julius-Maximilians-Universität Würzburg,DE,Germany,L,FC,VH,5,A,17.4,511.0,6.0,,4.9,,68.0,154.0,35.5,449.0,16.4,591.0,41.9,363.0,9.5,,11.7,,25.9,
,354.0, University of Dundee,UK,United Kingdom,L,FC,HI,4,A,18.3,488.0,13.6,595.0,37.5,418.0,14.2,654.0,96.0,142.0,79.9,162.0,27.4,475.0,10.5,,21.8,,25.9,
,433.0,Université Laval,CA,Canada,L,FC,VH,5,A,19.9,443.0,11.0,,25.6,577.0,25.1,484.0,67.4,290.0,36.3,372.0,55.4,280.0,24.4,343.0,31.0,,25.9,
,,University of Utah,US,United States,L,FC,VH,5,A,15.9,548.0,6.0,,53.0,295.0,36.5,383.0,25.3,530.0,10.1,,54.4,289.0,14.9,560.0,49.0,315.0,25.9,
,,National and Kapodistrian University of Athens,GR,Greece,XL,FC,VH,5,A,26.3,336.0,31.6,312.0,2.0,,29.1,441.0,9.9,,16.2,595.0,72.8,182.0,28.9,276.0,16.1,,25.8,
,,University of Connecticut,US,United States,L,FC,VH,5,A,15.1,576.0,6.9,,14.5,,41.6,327.0,47.0,368.0,19.0,560.0,61.4,237.0,21.7,383.0,61.9,,25.8,
,,Aston University,UK,United Kingdom,L,CO,VH,4,A,12.9,,22.8,416.0,10.0,,34.1,400.0,93.0,164.0,38.3,359.0,50.5,310.0,18.1,463.0,12.3,,25.7,
,,Johannes Kepler University Linz,AT,Austria,M,CO,VH,4,A,12.5,,13.5,598.0,82.9,122.0,16.1,617.0,86.3,201.0,27.2,447.0,26.5,487.0,11.1,,18.4,,25.7,
,,"The University of Tennessee, Knoxville",US,United States,L,FC,VH,5,A,10.3,,15.4,534.0,10.8,,72.5,135.0,4.2,,2.5,,45.2,345.0,11.9,,30.7,,25.7,
,,Toyota Technological Institute in Japan,JP,Japan,S,FO,VH,3,C,5.2,,1.6,,37.5,419.0,96.4,45.0,7.7,,1.6,,1.0,,8.4,,,,25.7,
,,University of Jyväskylä,FI,Finland,M,FO,VH,4,A,17.2,518.0,12.5,,86.2,100.0,15.3,626.0,40.9,404.0,2.8,,54.7,287.0,11.4,,30.2,,25.7,
451.0,,Iran University of Science and Technology,IR,"Iran, Islamic Republic of",L,FO,VH,4,A,6.6,,23.2,410.0,2.5,,94.8,54.0,,,1.5,,11.1,652.0,5.5,,1.5,,25.6,
,,Central South University,CN,China (Mainland),XL,FC,VH,2,A,8.8,,3.4,,5.6,,98.4,28.0,6.6,,3.6,,13.5,616.0,9.9,,8.9,,25.5,
,,Université Claude Bernard Lyon 1,FR,France,XL,FC,VH,5,A,18.9,471.0,4.1,,8.2,,55.3,233.0,7.9,,13.2,659.0,90.8,78.0,8.8,,26.6,,25.5,
,,Czech Technical University in Prague,CZ,Czech Republic,L,SP,,5,A,21.5,403.0,37.6,259.0,75.8,161.0,4.1,,25.6,526.0,39.2,349.0,15.3,592.0,13.8,618.0,1.6,,25.2,
,,Indian Institute of Technology Indore (IIT Indore),IN,India,S,FO,VH,2,A,5.6,,4.3,,33.3,478.0,94.4,57.0,2.3,,1.1,,1.2,,8.4,,2.0,,25.2,
,,Southeast University,CN,China (Mainland),XL,FC,VH,3,A,12.8,,7.4,,23.9,593.0,73.1,134.0,15.1,664.0,3.5,,21.1,536.0,8.8,,16.9,,25.2,
,,Sultan Qaboos University,OM,Oman,M,FC,VH,3,A,16.7,528.0,13.7,593.0,56.7,259.0,18.4,577.0,100.0,58.0,3.4,,48.3,325.0,17.4,478.0,8.0,,25.2,
,,Universität Mannheim,DE,Germany,M,FO,VH,5,A,16.1,545.0,48.6,179.0,2.1,,45.1,299.0,29.1,495.0,20.9,536.0,2.0,,23.8,355.0,2.5,,25.2,
459.0,,"Essex, University of",UK,United Kingdom,L,CO,VH,4,A,16.4,535.0,5.1,,13.0,,25.6,475.0,99.8,82.0,99.0,53.0,40.1,380.0,13.4,638.0,9.6,,25.1,
460.0,,Universität Potsdam,DE,Germany,L,FO,VH,3,A,16.0,547.0,3.1,,16.4,,38.6,359.0,51.0,353.0,21.8,518.0,86.3,105.0,7.2,,42.6,,25.0,
,,Florida State University,US,United States,XL,FC,VH,5,A,25.1,349.0,25.7,374.0,6.8,,30.7,430.0,15.6,659.0,3.9,,40.1,379.0,20.5,407.0,54.3,,24.9,
,,National Research Nuclear University MEPhI (Moscow Engineering Physics Institute),RU,Russia,S,FO,VH,2,A,10.2,,10.1,,99.0,36.0,10.9,,54.1,341.0,90.7,115.0,2.0,,18.0,466.0,1.2,,24.9,
,,Universität Jena,DE,Germany,L,FC,VH,5,A,18.5,482.0,6.0,,99.9,20.0,10.0,,,,22.4,509.0,84.0,125.0,8.1,,16.1,,24.9,
464.0,,Johannes Gutenberg Universität Mainz,DE,Germany,XL,FC,VH,5,A,22.6,389.0,12.7,,54.5,281.0,14.8,641.0,38.5,418.0,16.2,594.0,70.2,193.0,10.4,,19.0,,24.8,
,,Colorado School of Mines,US,United States,M,FO,VH,5,A,7.2,,9.6,,19.7,675.0,70.8,143.0,29.6,491.0,9.0,,2.3,,17.4,481.0,42.0,355.0,24.7,
,,Umea University,SE,Sweden,L,FC,VH,4,A,19.7,449.0,13.9,583.0,68.3,191.0,14.9,637.0,23.8,554.0,9.6,,44.8,349.0,12.7,681.0,47.8,,24.7,
,,University of Bordeaux,FR,France,XL,FO,VH,5,A,30.2,289.0,5.3,,14.4,,21.4,537.0,25.6,527.0,19.5,554.0,91.2,74.0,11.9,,35.8,,24.7,
,,University of Sharjah,AE,United Arab Emirates,L,CO,VH,3,B,16.7,530.0,18.8,473.0,5.5,,13.5,668.0,100.0,9.0,99.7,35.0,35.9,413.0,14.1,600.0,24.6,,24.7,
,,Ben-Gurion University of The Negev,IL,Israel,L,FC,VH,4,A,14.6,592.0,14.2,577.0,11.7,,52.7,245.0,65.3,294.0,15.7,607.0,20.1,544.0,10.5,,18.2,,24.6,
,,Illinois Institute of Technology,US,United States,M,CO,VH,5,B,14.2,,15.6,532.0,13.0,,48.5,280.0,30.1,490.0,94.1,93.0,1.5,,13.6,632.0,2.5,,24.6,
,,Università degli Studi di Pavia,IT,Italy,L,FC,VH,5,A,21.2,413.0,5.8,,7.5,,51.0,257.0,6.1,,13.2,657.0,53.1,296.0,13.2,652.0,44.4,,24.6,
472.0,338.0,Hiroshima University,JP,Japan,L,FC,VH,4,A,23.6,366.0,14.0,581.0,81.0,136.0,9.6,,17.3,624.0,12.9,663.0,30.0,457.0,9.8,,37.5,,24.5,-134.0
,,Beihang University (former BUAA),CN,China (Mainland),L,CO,VH,2,A,13.1,,5.5,,36.1,440.0,68.7,150.0,7.5,,4.9,,7.0,,13.1,656.0,15.2,,24.4,
,,Ural Federal University - UrFU,RU,Russia,XL,CO,VH,5,A,21.3,410.0,13.3,,93.2,70.0,2.1,,5.7,,25.8,465.0,63.3,225.0,7.4,,24.8,,24.4,
,,Vilnius University ,LT,Lithuania,L,FC,HI,5,A,19.8,447.0,27.8,346.0,83.0,119.0,3.0,,13.0,,14.9,622.0,43.5,351.0,25.5,325.0,11.7,,24.4,
,,Kobe University,JP,Japan,L,FC,VH,4,A,28.5,308.0,38.8,248.0,53.2,292.0,11.6,,7.4,,7.7,,8.7,,11.9,,10.9,,24.3,
,,Universitat Politècnica de València,ES,Spain,L,CO,VH,4,A,26.2,338.0,12.0,,47.0,332.0,19.6,561.0,4.3,,23.9,489.0,56.8,271.0,8.1,,28.1,,24.3,
478.0,,Universität Konstanz,DE,Germany,M,CO,VH,4,A,20.4,430.0,6.9,,33.7,473.0,21.2,541.0,79.8,230.0,14.2,638.0,24.1,506.0,15.6,536.0,55.8,,24.2,
479.0,,Universität Leipzig,DE,Germany,L,FC,VH,5,A,25.4,344.0,10.2,,71.0,181.0,9.6,,,,15.8,602.0,59.3,249.0,10.0,,34.6,,24.1,
480.0,,Missouri University of Science and Technology,US,United States,M,CO,VH,5,A,4.6,,4.8,,6.5,,85.1,94.0,61.1,313.0,12.3,674.0,2.1,,9.6,,1.6,,24.0,
,,Bangor University,UK,United Kingdom,M,FC,VH,5,A,8.8,,5.3,,14.9,,39.7,346.0,42.2,391.0,55.4,267.0,24.6,503.0,13.0,661.0,87.4,,23.9,
,,Hitotsubashi University,JP,Japan,M,SP,,4,A,14.4,,80.6,72.0,28.6,538.0,2.2,,21.6,578.0,22.4,508.0,1.0,,38.4,190.0,1.1,,23.9,
,,Leibniz University Hannover,DE,Germany,L,CO,VH,5,A,21.3,408.0,33.2,298.0,16.8,,14.8,640.0,40.5,408.0,30.6,418.0,44.3,350.0,13.1,654.0,29.9,,23.9,
,405.0,Satbayev University,KZ,Kazakhstan,M,FO,VH,4,A,23.3,370.0,36.0,272.0,84.3,111.0,1.2,,40.5,407.0,4.2,,1.0,,10.5,,1.3,,23.9,
481.0,,University of Milano-Bicocca ,IT,Italy,L,FO,VH,3,A,20.6,424.0,9.6,,2.9,,57.1,227.0,3.3,,4.6,,45.2,344.0,13.2,650.0,29.4,,24.0,
485.0,,Universitat de Valencia,ES,Spain,XL,FC,VH,5,A,33.9,255.0,7.3,,10.9,,22.4,523.0,2.3,,16.6,588.0,83.4,128.0,6.6,,31.6,,23.8,
,,University of Electronic Science and Technology of China,CN,China (Mainland),XL,CO,VH,4,A,4.3,,3.0,,8.6,,96.4,46.0,3.4,,2.6,,21.7,530.0,7.6,,3.5,,23.7,
,,University of Guelph,CA,Canada,L,CO,VH,4,A,13.5,,20.9,444.0,5.8,,47.5,286.0,43.5,384.0,15.1,618.0,22.3,525.0,13.1,658.0,36.3,,23.7,
,,IPB University (a.k.a. Bogor Agricultural University),ID,Indonesia,L,CO,VH,4,A,21.6,399.0,39.0,244.0,66.1,203.0,1.7,,54.6,339.0,3.8,,1.2,,24.1,347.0,3.4,,23.6,
,,"University of Rome ""Tor Vergata""",IT,Italy,L,CO,VH,3,A,31.5,277.0,12.6,,7.6,,38.1,367.0,7.1,,16.2,596.0,32.8,435.0,7.8,,15.2,,23.6,
,,Dalian University of Technology,CN,China (Mainland),XL,CO,VH,4,A,9.1,,3.2,,16.8,,79.8,110.0,12.2,,3.2,,16.3,582.0,13.7,627.0,8.7,,23.5,
,,University at Buffalo SUNY,US,United States,L,FC,VH,5,A,18.0,499.0,8.3,,7.8,,37.2,378.0,42.8,389.0,33.3,390.0,23.3,516.0,24.6,340.0,50.6,,23.5,
,,University of Iowa,US,United States,L,FC,VH,5,A,19.9,444.0,11.2,,48.2,325.0,20.9,548.0,22.3,569.0,4.6,,51.3,304.0,22.1,374.0,38.4,,23.5,
,,Chung-Ang University (CAU),KR,South Korea,L,FC,VH,4,B,19.8,445.0,36.2,271.0,69.5,186.0,8.9,,13.8,690.0,36.3,373.0,1.7,,12.8,672.0,2.5,,23.4,
,,Hunan University ,CN,China (Mainland),XL,CO,VH,4,A,8.6,,8.4,,13.8,,82.0,104.0,4.9,,1.9,,3.8,,18.7,447.0,7.0,,23.4,
,,Rensselaer Polytechnic Institute,US,United States,M,CO,VH,5,B,8.3,,7.0,,19.5,682.0,70.7,144.0,4.0,,44.3,326.0,1.6,,24.1,350.0,2.7,,23.4,
,,Universidad de Sevilla,ES,Spain,XL,FC,VH,5,A,38.8,220.0,10.4,,16.7,,8.5,,3.6,,16.0,599.0,82.0,135.0,8.0,,29.1,,23.4,
,346.0,Ewha Womans University,KR,South Korea,L,FC,HI,4,B,26.7,325.0,23.0,413.0,77.4,150.0,7.7,,7.8,,19.8,551.0,1.6,,15.3,552.0,6.9,,23.2,
,,Ulster University,UK,United Kingdom,L,CO,VH,4,A,8.4,,13.0,,11.9,,12.1,697.0,100.0,72.0,90.5,117.0,38.5,388.0,11.6,,63.7,230.0,23.2,
,,University of Delaware,US,United States,L,CO,VH,5,A,10.3,,7.9,,6.9,,59.1,212.0,36.3,444.0,13.7,649.0,28.2,468.0,19.8,419.0,31.8,424.0,23.2,
,,University of Jordan,JO,Jordan,XL,FC,HI,4,A,29.1,297.0,38.8,250.0,17.4,,3.3,,20.6,586.0,34.1,385.0,13.8,613.0,29.8,264.0,28.9,,23.2,
,,Bilkent University,TR,Turkey,M,CO,VH,3,B,22.2,396.0,44.9,196.0,17.2,,12.9,679.0,72.0,264.0,5.7,,4.1,,14.3,588.0,14.2,,23.1,
,,Jilin University,CN,China (Mainland),XL,FC,VH,4,A,14.3,,47.1,189.0,39.3,405.0,23.6,506.0,12.4,,2.2,,17.9,563.0,18.3,458.0,13.7,,23.1,
,,University of Portsmouth,UK,United Kingdom,L,CO,VH,3,A,8.4,,9.6,,8.7,,18.7,572.0,75.1,253.0,87.3,134.0,44.8,348.0,12.6,690.0,73.1,,23.1,
,,Macau University of Science and Technology,MO,Macau SAR,L,CO,VH,2,B,4.2,,4.2,,4.5,,47.8,283.0,100.0,12.0,100.0,1.0,2.4,,20.9,394.0,1.1,,23.0,
,,National Sun Yat-sen University,TW,Taiwan,M,CO,VH,3,A,26.5,330.0,24.4,395.0,29.5,527.0,25.2,483.0,23.8,552.0,10.3,,2.5,,12.1,,20.9,,23.0,
,,Oregon State University,US,United States,L,CO,VH,5,A,15.7,556.0,4.6,,18.9,698.0,41.1,334.0,17.0,627.0,9.6,,58.2,259.0,14.1,607.0,53.1,291.0,23.0,
,,Università Cattolica del Sacro Cuore,IT,Italy,L,FO,VH,5,B,23.5,367.0,31.4,314.0,35.0,453.0,13.4,672.0,10.4,,12.7,668.0,9.0,696.0,26.0,318.0,44.4,,23.0,
,,Sogang University,KR,South Korea,M,CO,VH,4,B,21.5,401.0,49.1,178.0,55.7,269.0,5.5,,7.2,,24.3,483.0,1.0,,16.5,513.0,1.4,,22.9,
,,University of Bayreuth,DE,Germany,M,CO,VH,3,A,10.3,,19.3,467.0,46.4,338.0,27.0,464.0,50.1,357.0,21.9,515.0,40.2,374.0,12.1,,15.4,,22.9,
,,East China Normal University,CN,China (Mainland),L,CO,VH,4,A,15.2,571.0,3.7,,19.1,693.0,53.1,243.0,23.3,562.0,19.6,553.0,31.0,453.0,11.7,,19.7,548.0,22.8,
,,SOAS University of London ,UK,United Kingdom,M,SP,,5,A,18.1,494.0,9.5,,18.3,,15.2,629.0,100.0,51.0,99.0,51.0,1.0,,19.6,427.0,3.8,,22.8,
,,Université Paul Sabatier Toulouse III,FR,France,L,FO,VH,5,A,18.4,485.0,3.4,,40.4,388.0,24.8,493.0,5.5,,23.5,493.0,98.2,20.0,7.4,,21.8,,22.8,
,,Boğaziçi University,TR,Turkey,L,CO,HI,5,A,23.0,378.0,58.4,138.0,4.0,,14.3,649.0,11.1,,2.6,,4.9,,52.7,121.0,6.2,,22.7,
,,Duy Tan University,VN,Vietnam,L,CO,VH,3,C,10.7,,26.3,367.0,3.8,,33.6,408.0,37.0,436.0,1.2,,63.7,222.0,10.9,,57.4,,22.7,
,323.0,Pontificia Universidad Católica Argentina,AR,Argentina,L,FC,MD,4,B,20.4,431.0,32.3,303.0,99.9,22.0,1.1,,1.9,,8.8,,1.0,,19.8,420.0,1.0,,22.7,
,,Shanghai University,CN,China (Mainland),XL,CO,VH,3,A,22.2,397.0,9.0,,53.3,291.0,25.4,476.0,43.8,383.0,5.9,,11.5,643.0,11.1,,15.8,,22.7,
,,The University of Georgia,US,United States,XL,FC,VH,5,A,20.9,421.0,18.2,481.0,9.7,,29.7,435.0,9.7,,4.5,,59.1,253.0,17.7,470.0,46.6,,22.7,
,,Universität Bremen,DE,Germany,L,CO,VH,4,A,19.7,450.0,8.4,,16.3,,24.4,496.0,41.7,394.0,26.7,453.0,77.7,160.0,7.2,,28.1,,22.7,
,,Kyungpook National University,KR,South Korea,L,FC,VH,4,A,11.1,,18.0,486.0,64.5,217.0,17.2,597.0,9.8,,20.1,545.0,7.7,,43.1,168.0,54.6,,22.6,
,432.0,Universidad Austral,AR,Argentina,S,FO,VH,3,B,19.4,460.0,52.5,152.0,75.4,165.0,1.8,,2.4,,8.5,,1.0,,9.4,,1.2,,22.6,
,,University of Texas Dallas,US,United States,L,FC,VH,4,A,13.3,,11.6,,3.8,,54.5,236.0,5.4,,35.5,376.0,23.8,509.0,8.4,,41.1,,22.6,
,,Universidad de Zaragoza,ES,Spain,L,FC,VH,5,A,22.9,381.0,4.5,,57.6,252.0,7.1,,4.1,,9.7,,55.3,282.0,8.0,,80.6,145.0,22.5,
,,University of Hull,UK,United Kingdom,L,FC,HI,4,A,8.5,,3.5,,13.0,,25.4,477.0,57.4,322.0,67.4,221.0,36.4,407.0,16.8,507.0,85.2,,22.5,
525.0,,Universiti Teknologi Brunei,BN,Brunei,S,FO,VH,3,A,13.7,,3.9,,90.3,86.0,8.6,,100.0,46.0,5.5,,1.0,,34.2,226.0,1.0,,22.4,
,345.0,MGIMO University,RU,Russia,M,SP,,4,A,11.8,,21.3,436.0,100.0,17.0,1.4,,12.7,,46.2,315.0,1.0,,47.6,144.0,1.0,,22.3,
,,Sabanci University,TR,Turkey,S,CO,VH,3,B,18.1,496.0,37.5,262.0,34.5,465.0,19.2,567.0,37.0,437.0,15.0,620.0,1.8,,11.2,,15.4,,22.3,
,,University of Madras,IN,India,S,CO,VH,5,A,8.7,,3.6,,,,95.4,51.0,,,,,2.4,,,,1.1,,22.3,
529.0,,Edith Cowan University ,AU,Australia,L,CO,VH,3,A,8.7,,8.1,,6.2,,41.0,335.0,77.5,240.0,72.6,197.0,18.7,554.0,12.0,,11.7,,22.2,
,,Aristotle University of Thessaloniki,GR,Greece,XL,FC,VH,4,A,28.7,305.0,25.9,370.0,3.8,,13.5,667.0,1.4,,4.0,,75.4,169.0,15.7,532.0,36.6,388.0,22.1,
,,Christian-Albrechts-University zu Kiel,DE,Germany,L,FC,VH,5,A,18.6,478.0,10.1,,47.7,328.0,16.1,616.0,,,9.4,,79.9,145.0,10.5,,42.3,,22.1,
,,Universidad de Palermo (UP),AR,Argentina,S,FO,MD,3,B,9.3,,17.8,493.0,90.5,83.0,1.1,,40.4,411.0,96.6,79.0,1.0,,9.6,,1.0,,22.1,
,,University of Genoa,IT,Italy,L,FC,VH,5,A,17.4,511.0,3.8,,11.3,,40.6,340.0,4.8,,8.8,,54.3,291.0,12.7,679.0,61.9,,22.1,
,,China Agricultural University ,CN,China (Mainland),L,FC,VH,3,A,9.6,,2.1,,19.9,667.0,78.7,119.0,3.4,,1.6,,3.3,,6.5,,8.4,,22.0,
,,Peter the Great St. Petersburg Polytechnic University,RU,Russia,L,FO,VH,5,A,16.7,529.0,9.0,,77.6,148.0,3.0,,15.0,669.0,87.6,131.0,21.9,528.0,4.3,,18.2,,22.0,
,,University of Crete,GR,Greece,L,FC,HI,4,A,15.1,575.0,14.3,573.0,3.0,,67.9,158.0,1.7,,3.8,,13.4,619.0,8.9,,3.5,,22.0,
,,University of Salamanca,ES,Spain,L,FC,VH,5,A,26.8,324.0,15.0,550.0,23.2,611.0,6.9,,6.7,,22.4,510.0,45.3,343.0,15.3,550.0,72.5,,22.0,
,,Universidad de Alcalá,ES,Spain,L,FC,HI,3,A,10.0,,4.7,,68.8,189.0,5.2,,20.0,590.0,66.3,225.0,37.9,395.0,9.4,,74.3,179.0,21.9,
,,Universiti Utara Malaysia (UUM),MY,Malaysia,L,SP,,3,A,20.6,423.0,28.0,345.0,40.4,389.0,7.1,,18.8,603.0,79.8,164.0,3.4,,9.7,,10.6,,21.9,
,,Lahore University of Management Sciences (LUMS),PK,Pakistan,S,CO,VH,3,B,15.7,555.0,72.0,97.0,35.1,452.0,6.0,,7.3,,1.9,,1.1,,22.2,373.0,1.4,,21.8,
,,Universidad Nacional de La Plata (UNLP),AR,Argentina,XL,FC,HI,5,A,38.7,221.0,31.0,316.0,23.8,598.0,2.1,,3.6,,29.9,423.0,9.1,695.0,8.6,,5.1,,21.8,
,,ITMO University,RU,Russia,M,FO,VH,5,A,12.0,,11.6,,96.2,55.0,6.9,,21.4,579.0,38.9,354.0,27.3,476.0,7.3,,15.0,,21.7,
,,University Ulm,DE,Germany,M,FO,VH,4,A,7.6,,3.9,,78.3,144.0,33.7,404.0,41.1,403.0,21.1,533.0,14.5,603.0,7.2,,3.2,,21.7,
544.0,,Universidad de Costa Rica,CR,Costa Rica,L,CO,HI,4,A,33.5,260.0,37.6,260.0,34.7,459.0,1.8,,,,,,6.0,,33.7,227.0,4.7,,21.6,
,,Bar-Ilan University,IL,Israel,L,FC,VH,4,A,8.0,,5.3,,7.8,,62.2,194.0,47.9,366.0,2.9,,10.2,667.0,15.2,554.0,28.4,,21.5,
,,City University of New York,US,United States,XL,FC,VH,4,A,22.7,386.0,34.1,286.0,9.4,,5.8,,6.6,,4.9,,89.0,90.0,19.3,434.0,31.3,,21.5,
,,Singapore Management University,SG,Singapore,M,SP,,2,A,11.8,,15.3,538.0,10.5,,20.9,546.0,100.0,39.0,63.3,238.0,1.2,,25.0,331.0,21.4,,21.5,
,,Lehigh University,US,United States,M,CO,VH,5,B,5.8,,4.2,,26.2,567.0,38.4,362.0,62.4,311.0,29.6,426.0,9.1,693.0,28.3,285.0,47.5,,21.4,
,,Northumbria University at Newcastle,UK,United Kingdom,L,CO,VH,4,A,10.5,,15.9,530.0,10.7,,16.0,621.0,67.2,291.0,72.3,199.0,49.8,314.0,16.0,523.0,29.1,,21.4,
,,University of Eastern Finland,FI,Finland,L,CO,VH,4,A,14.8,588.0,9.7,,39.4,403.0,24.6,494.0,30.9,482.0,4.8,,62.4,230.0,8.1,,28.4,,21.4,
,,Ajman University,AE,United Arab Emirates,S,CO,HI,3,C,13.6,,34.7,279.0,8.2,,2.2,,100.0,8.0,100.0,3.0,2.0,,13.3,644.0,3.0,,21.3,
,,Canadian University Dubai,AE,United Arab Emirates,S,FO,HI,2,C,14.7,591.0,14.4,567.0,31.3,505.0,2.3,,100.0,4.0,100.0,5.0,1.0,,22.3,371.0,1.0,,21.3,
,,Hasselt University ,BE,Belgium,M,FO,VH,4,A,5.8,,3.4,,78.8,143.0,18.3,579.0,76.0,247.0,23.9,488.0,27.2,478.0,10.2,,15.9,,21.3,
,,University of Nebraska - Lincoln,US,United States,L,CO,VH,5,A,10.8,,5.9,,18.8,700.0,33.7,406.0,30.4,488.0,8.2,,42.6,357.0,12.2,,79.1,156.0,21.3,
555.0,,Universiti Teknologi MARA - UiTM,MY,Malaysia,XL,FC,VH,2,A,28.9,303.0,47.6,184.0,15.8,,2.8,,1.9,,2.1,,24.3,504.0,8.7,,31.0,,21.2,
,,Florida International University,US,United States,XL,FC,HI,4,A,14.9,586.0,35.4,274.0,12.0,,12.8,682.0,21.1,581.0,12.1,676.0,68.1,207.0,14.2,594.0,39.0,,21.1,
,,INTI International University,MY,Malaysia,S,FO,HI,2,C,5.0,,14.8,556.0,84.3,112.0,1.7,,75.2,252.0,88.4,126.0,1.0,,9.1,,1.0,,21.1,
,,Politecnico di Bari,IT,Italy,S,SP,,3,A,6.5,,4.6,,15.6,,79.3,114.0,5.0,,7.9,,4.1,,5.5,,1.1,,21.1,
,,Renmin (People's) University of China,CN,China (Mainland),L,FO,VH,4,A,23.7,363.0,40.4,233.0,17.2,,8.0,,7.0,,5.3,,1.5,,62.4,94.0,18.2,,21.1,
,358.0,"University of Chemistry and Technology, Prague",CZ,Czech Republic,S,FO,VH,4,A,6.1,,7.9,,99.0,35.0,12.9,680.0,27.8,502.0,71.9,201.0,3.2,,10.1,,1.3,,21.1,
,,Chongqing University,CN,China (Mainland),XL,CO,VH,4,A,8.4,,3.8,,13.2,,70.4,146.0,14.7,672.0,2.2,,11.4,645.0,13.6,630.0,10.3,,21.0,
,,University of Plymouth,UK,United Kingdom,L,FC,HI,5,A,9.0,,12.1,,12.2,,29.1,443.0,51.3,352.0,38.9,352.0,45.4,342.0,11.2,,45.0,335.0,21.0,
,,Ateneo de Manila University,PH,Philippines,L,FC,MD,5,B,19.7,451.0,57.9,141.0,29.0,533.0,1.7,,3.3,,2.7,,1.1,,54.6,115.0,1.7,,20.9,
,,Université de Fribourg,CH,Switzerland,M,CO,VH,5,A,10.7,,3.8,,5.3,,38.8,355.0,100.0,76.0,45.4,319.0,8.9,,20.4,411.0,5.2,,20.9,
,,University of South Florida,US,United States,XL,CO,VH,4,A,13.2,,10.2,,7.9,,36.6,381.0,30.7,485.0,13.8,646.0,57.8,261.0,10.6,,34.9,,20.9,
,,Bond University,AU,Australia,S,FO,VH,3,B,4.7,,5.2,,44.1,356.0,22.8,518.0,87.7,195.0,93.6,96.0,1.1,,11.7,,1.1,,20.8,
,,National Chengchi University,TW,Taiwan,M,CO,HI,4,A,19.5,455.0,39.0,245.0,19.7,674.0,2.7,,27.1,507.0,23.5,491.0,1.0,,81.0,49.0,1.9,,20.8,
,,Universidad Adolfo Ibáñez,CL,Chile,M,FO,VH,3,B,19.1,469.0,73.5,90.0,4.2,,4.4,,37.7,427.0,4.2,,1.2,,13.7,624.0,1.1,,20.8,
,,University of Huddersfield,UK,United Kingdom,L,CO,VH,3,A,12.5,,15.0,548.0,6.7,,20.9,547.0,65.1,295.0,79.4,165.0,41.2,367.0,9.0,,7.3,,20.8,
,,Chiang Mai University,TH,Thailand,XL,FC,HI,4,A,33.8,256.0,19.3,466.0,16.4,,3.9,,5.1,,4.1,,20.9,538.0,17.1,495.0,59.2,,20.7,
,,Coventry University,UK,United Kingdom,XL,CO,VH,3,A,9.2,,12.5,,15.7,,6.8,,74.8,257.0,100.0,26.0,50.7,308.0,13.7,626.0,26.6,,20.7,
,,Indian Institute of Technology (BHU) Varanasi,IN,India,M,FO,VH,5,A,4.4,,3.6,,3.9,,88.7,78.0,1.4,,1.1,,1.5,,8.2,,4.0,,20.7,
,,Warsaw University of Technology,PL,Poland,L,FO,VH,5,A,22.8,382.0,49.8,172.0,38.7,408.0,4.3,,1.8,,10.3,,9.7,676.0,11.5,,2.1,,20.7,
,,HUFS - Hankuk (Korea) University of Foreign Studies ,KR,South Korea,L,CO,HI,3,B,13.4,,23.9,404.0,85.3,104.0,1.6,,32.3,471.0,45.1,320.0,1.0,,5.7,,1.3,,20.6,
,,University of South Carolina,US,United States,XL,FC,VH,5,A,14.7,590.0,11.8,,8.9,,33.6,407.0,37.8,424.0,3.5,,40.8,370.0,17.1,494.0,39.6,365.0,20.6,
,,Lebanese University,LB,Lebanon,XL,FC,HI,4,A,23.7,364.0,49.8,171.0,11.6,,2.1,,43.3,387.0,31.9,401.0,2.3,,9.9,,2.1,,20.5,
,,Taipei Medical University (TMU),TW,Taiwan,M,SP,,2,B,10.3,,15.4,536.0,91.1,81.0,17.9,585.0,15.1,667.0,15.6,609.0,1.3,,9.9,,9.0,688.0,20.5,
,,University of Tromsø The Arctic University of Norway,NO,Norway,L,FC,HI,4,A,12.1,,3.7,,70.5,182.0,8.9,,70.4,273.0,7.7,,42.5,360.0,9.6,,21.8,,20.5,
,,Abu Dhabi University,AE,United Arab Emirates,S,SP,,2,C,11.5,,17.9,490.0,12.6,,12.4,689.0,100.0,5.0,99.9,32.0,1.2,,11.3,,1.1,,20.4,
,,University of Klagenfurt,AT,Austria,S,FO,VH,4,A,5.5,,4.3,,60.2,235.0,11.4,,95.2,148.0,86.6,137.0,3.0,,12.0,,1.6,,20.4,
,,Applied Science University - Bahrain,BH,Bahrain,S,FO,HI,2,B,18.2,493.0,21.9,429.0,36.8,431.0,1.7,,100.0,21.0,44.9,324.0,1.0,,8.3,,,,20.3,
,,Universidad Católica Andres Bello,VE,Venezuela,M,FO,MD,4,B,26.6,328.0,67.7,112.0,3.7,,1.0,,2.5,,2.9,,,,29.8,266.0,,,20.3,
,,Universidad Pontificia Comillas,ES,Spain,M,FO,VH,3,B,8.1,,65.9,121.0,39.9,395.0,2.3,,19.3,597.0,5.8,,1.0,,45.5,154.0,2.0,,20.3,
,,National Research Tomsk Polytechnic University,RU,Russia,M,FO,VH,5,A,9.7,,7.5,,93.9,66.0,4.0,,8.1,,76.6,177.0,21.3,535.0,8.1,,8.3,,20.2,
,,Sunway University,MY,Malaysia,S,CO,VH,2,B,10.5,,44.1,204.0,52.2,303.0,7.2,,35.5,450.0,24.3,482.0,4.4,,9.2,,5.4,,20.2,
,,"University of Missouri, Columbia",US,United States,L,FC,VH,5,A,14.2,,9.6,,40.2,392.0,17.4,591.0,56.4,329.0,3.3,,23.9,508.0,24.2,346.0,35.5,,20.2,
,,Central Queensland University (CQUniversity Australia),AU,Australia,S,CO,VH,3,A,8.7,,9.5,,24.0,592.0,16.0,619.0,98.0,113.0,98.1,61.0,1.2,,8.3,,5.6,,20.1,
,,Manchester Metropolitan University (MMU),UK,United Kingdom,XL,CO,VH,4,A,12.0,,13.4,,8.5,,9.8,,44.4,380.0,40.5,339.0,66.6,210.0,14.6,576.0,69.3,,20.1,
,,Prince Mohammad Bin Fahd university,SA,Saudi Arabia,S,SP,,2,B,15.4,568.0,19.1,468.0,20.8,650.0,20.3,555.0,100.0,11.0,20.5,542.0,1.1,,9.4,,1.0,,20.1,
,,"Goldsmiths, University of London",UK,United Kingdom,M,FO,VH,5,A,14.9,587.0,6.0,,14.7,,13.6,663.0,97.8,117.0,92.8,101.0,1.2,,17.2,490.0,1.8,,20.0,
,,University of Central Florida,US,United States,XL,FC,VH,4,A,14.4,,37.1,264.0,2.8,,25.7,474.0,17.1,626.0,4.5,,32.1,445.0,11.1,,32.7,,20.0,
,,Imam Abdulrahman Bin Faisal University (IAU) (formerly UNIVERSITY OF DAMMAM),SA,Saudi Arabia,L,FC,HI,3,A,7.6,,7.1,,85.9,101.0,2.3,,98.5,105.0,16.5,589.0,11.6,640.0,8.1,,19.0,,19.9,
,,Nottingham Trent University,UK,United Kingdom,XL,CO,HI,3,A,10.6,,20.5,450.0,10.2,,5.2,,56.9,326.0,61.0,243.0,52.1,300.0,13.8,616.0,50.6,,19.9,
,,Pontifícia Universidade Católica do Rio de Janeiro,BR,Brazil,M,CO,VH,4,B,33.4,261.0,24.5,392.0,9.3,,7.7,,12.4,,1.6,,2.4,,28.6,279.0,32.7,,19.9,
,,Shenzhen University,CN,China (Mainland),XL,CO,VH,3,A,8.4,,2.3,,55.2,275.0,42.6,314.0,13.2,698.0,1.4,,14.3,609.0,17.6,472.0,15.8,,19.9,
,,Università Vita-Salute San Raffaele,IT,Italy,S,SP,,3,B,3.1,,1.7,,98.8,40.0,39.0,352.0,8.3,,3.1,,3.6,,7.6,,1.0,,19.9,
,,Nanjing University of Science and Technology,CN,China (Mainland),L,FO,VH,2,A,5.1,,2.2,,10.9,,82.2,103.0,,,,,3.4,,6.2,,1.8,,19.8,
,,Thammasat University,TH,Thailand,XL,FC,HI,4,A,23.8,360.0,26.4,365.0,25.1,583.0,2.1,,11.6,,1.7,,2.0,,72.5,64.0,29.4,,19.8,
,,Tulane University,US,United States,L,FC,HI,5,B,9.6,,5.0,,81.5,134.0,10.4,,16.9,631.0,14.5,630.0,45.5,339.0,22.7,367.0,21.4,,19.8,
,,Universität des Saarlandes,DE,Germany,L,FC,VH,4,A,11.1,,4.5,,89.9,87.0,8.3,,4.9,,39.2,350.0,39.0,384.0,20.1,416.0,2.0,,19.8,
